REGION,TECHNOLOGY,FUEL,MODE_OF_OPERATION,YEAR,TIMESLICE,VALUE
GLOBAL,PWRBIOGUYXX01,BIOGUYXX,1,2021,S1D4,2.6653652279999998
GLOBAL,PWRBIOGUYXX01,BIOGUYXX,1,2021,S1D1,2.110580739
GLOBAL,PWRBIOGUYXX01,BIOGUYXX,1,2021,S2D4,3.4910352000000002
GLOBAL,PWRBIOGUYXX01,BIOGUYXX,1,2021,S2D1,3.4910352000000002
GLOBAL,PWRBIOGUYXX01,BIOGUYXX,1,2021,S2D2,2.1711065544
GLOBAL,PWRBIOGUYXX01,BIOGUYXX,1,2022,S1D4,2.6653652279999998
GLOBAL,PWRBIOGUYXX01,BIOGUYXX,1,2022,S1D1,2.110580739
GLOBAL,PWRBIOGUYXX01,BIOGUYXX,1,2022,S2D4,3.4910352000000002
GLOBAL,PWRBIOGUYXX01,BIOGUYXX,1,2022,S2D1,3.4910352000000002
GLOBAL,PWRBIOGUYXX01,BIOGUYXX,1,2022,S2D2,2.1711065544
GLOBAL,PWRBIOGUYXX01,BIOGUYXX,1,2023,S1D4,2.6653652279999998
GLOBAL,PWRBIOGUYXX01,BIOGUYXX,1,2023,S1D1,2.110580739
GLOBAL,PWRBIOGUYXX01,BIOGUYXX,1,2023,S1D2,0.17968735071
GLOBAL,PWRBIOGUYXX01,BIOGUYXX,1,2023,S2D4,3.4910352000000002
GLOBAL,PWRBIOGUYXX01,BIOGUYXX,1,2023,S2D1,1.9942713855
GLOBAL,PWRBIOGUYXX01,BIOGUYXX,1,2023,S2D2,3.4910352000000002
GLOBAL,PWRBIOGUYXX01,BIOGUYXX,1,2024,S1D4,2.6653652279999998
GLOBAL,PWRBIOGUYXX01,BIOGUYXX,1,2024,S1D1,2.110580739
GLOBAL,PWRBIOGUYXX01,BIOGUYXX,1,2024,S2D4,3.4910352000000002
GLOBAL,PWRBIOGUYXX01,BIOGUYXX,1,2024,S2D1,3.4910352000000002
GLOBAL,PWRBIOGUYXX01,BIOGUYXX,1,2024,S2D2,2.1711065544
GLOBAL,PWRBIOGUYXX01,BIOGUYXX,1,2025,S1D4,2.6653652279999998
GLOBAL,PWRBIOGUYXX01,BIOGUYXX,1,2025,S1D1,2.110580739
GLOBAL,PWRBIOGUYXX01,BIOGUYXX,1,2025,S1D2,3.4910352000000002
GLOBAL,PWRBIOGUYXX01,BIOGUYXX,1,2025,S2D4,3.4910352000000002
GLOBAL,PWRBIOGUYXX01,BIOGUYXX,1,2025,S2D1,1.9942713855
GLOBAL,PWRBIOGUYXX01,BIOGUYXX,1,2025,S2D2,0.23224843026000003
GLOBAL,PWRBIOGUYXX01,BIOGUYXX,1,2026,S1D4,2.6653652279999998
GLOBAL,PWRBIOGUYXX01,BIOGUYXX,1,2026,S1D1,2.110580739
GLOBAL,PWRBIOGUYXX01,BIOGUYXX,1,2026,S1D2,3.4910352000000002
GLOBAL,PWRBIOGUYXX01,BIOGUYXX,1,2026,S2D4,3.4910352000000002
GLOBAL,PWRBIOGUYXX01,BIOGUYXX,1,2026,S2D1,1.9942713855
GLOBAL,PWRBIOGUYXX01,BIOGUYXX,1,2026,S2D2,0.23224843026000003
GLOBAL,PWRBIOGUYXX01,BIOGUYXX,1,2027,S1D4,2.6653652279999998
GLOBAL,PWRBIOGUYXX01,BIOGUYXX,1,2027,S1D1,2.110580739
GLOBAL,PWRBIOGUYXX01,BIOGUYXX,1,2027,S1D2,0.17968735071
GLOBAL,PWRBIOGUYXX01,BIOGUYXX,1,2027,S2D4,3.4910352000000002
GLOBAL,PWRBIOGUYXX01,BIOGUYXX,1,2027,S2D1,1.9942713855
GLOBAL,PWRBIOGUYXX01,BIOGUYXX,1,2027,S2D2,3.4910352000000002
GLOBAL,PWRBIOGUYXX01,BIOGUYXX,1,2028,S1D4,2.6653652279999998
GLOBAL,PWRBIOGUYXX01,BIOGUYXX,1,2028,S1D1,3.4910352000000002
GLOBAL,PWRBIOGUYXX01,BIOGUYXX,1,2028,S1D2,2.3465751318000003
GLOBAL,PWRBIOGUYXX01,BIOGUYXX,1,2028,S2D4,3.4910352000000002
GLOBAL,PWRBIOGUYXX01,BIOGUYXX,1,2028,S2D1,1.9942713855
GLOBAL,PWRBIOGUYXX01,BIOGUYXX,1,2029,S1D4,2.6653652279999998
GLOBAL,PWRBIOGUYXX01,BIOGUYXX,1,2029,S1D1,3.4910352000000002
GLOBAL,PWRBIOGUYXX01,BIOGUYXX,1,2029,S1D2,2.3465751318000003
GLOBAL,PWRBIOGUYXX01,BIOGUYXX,1,2029,S2D4,3.4910352000000002
GLOBAL,PWRBIOGUYXX01,BIOGUYXX,1,2029,S2D1,1.9942713855
GLOBAL,PWRBIOGUYXX01,BIOGUYXX,1,2030,S1D4,2.6653652279999998
GLOBAL,PWRBIOGUYXX01,BIOGUYXX,1,2030,S1D1,2.110580739
GLOBAL,PWRBIOGUYXX01,BIOGUYXX,1,2030,S1D2,0.17968735071
GLOBAL,PWRBIOGUYXX01,BIOGUYXX,1,2030,S2D4,3.4910352000000002
GLOBAL,PWRBIOGUYXX01,BIOGUYXX,1,2030,S2D1,1.9942713855
GLOBAL,PWRBIOGUYXX01,BIOGUYXX,1,2030,S2D2,3.4910352000000002
GLOBAL,PWRBIOGUYXX01,BIOGUYXX,1,2031,S1D4,2.6653652279999998
GLOBAL,PWRBIOGUYXX01,BIOGUYXX,1,2031,S1D1,2.110580739
GLOBAL,PWRBIOGUYXX01,BIOGUYXX,1,2031,S2D4,3.4910352000000002
GLOBAL,PWRBIOGUYXX01,BIOGUYXX,1,2031,S2D1,3.4910352000000002
GLOBAL,PWRBIOGUYXX01,BIOGUYXX,1,2031,S2D2,2.1711065544
GLOBAL,PWRBIOGUYXX01,BIOGUYXX,1,2032,S1D4,2.6653652279999998
GLOBAL,PWRBIOGUYXX01,BIOGUYXX,1,2032,S1D1,2.110580739
GLOBAL,PWRBIOGUYXX01,BIOGUYXX,1,2032,S1D2,3.4910352000000002
GLOBAL,PWRBIOGUYXX01,BIOGUYXX,1,2032,S2D4,3.4910352000000002
GLOBAL,PWRBIOGUYXX01,BIOGUYXX,1,2032,S2D1,1.9942713855
GLOBAL,PWRBIOGUYXX01,BIOGUYXX,1,2032,S2D2,0.23224843026000003
GLOBAL,PWRBIOGUYXX01,BIOGUYXX,1,2033,S1D4,2.6653652279999998
GLOBAL,PWRBIOGUYXX01,BIOGUYXX,1,2033,S1D1,2.110580739
GLOBAL,PWRBIOGUYXX01,BIOGUYXX,1,2033,S1D2,0.17968735071
GLOBAL,PWRBIOGUYXX01,BIOGUYXX,1,2033,S2D4,3.4910352000000002
GLOBAL,PWRBIOGUYXX01,BIOGUYXX,1,2033,S2D1,1.9942713855
GLOBAL,PWRBIOGUYXX01,BIOGUYXX,1,2033,S2D2,3.4910352000000002
GLOBAL,PWRBIOGUYXX01,BIOGUYXX,1,2034,S1D4,2.6653652279999998
GLOBAL,PWRBIOGUYXX01,BIOGUYXX,1,2034,S1D1,2.110580739
GLOBAL,PWRBIOGUYXX01,BIOGUYXX,1,2034,S2D4,3.4910352000000002
GLOBAL,PWRBIOGUYXX01,BIOGUYXX,1,2034,S2D1,3.4910352000000002
GLOBAL,PWRBIOGUYXX01,BIOGUYXX,1,2034,S2D2,2.1711065544
GLOBAL,PWRBIOGUYXX01,BIOGUYXX,1,2035,S1D4,2.6653652279999998
GLOBAL,PWRBIOGUYXX01,BIOGUYXX,1,2035,S1D1,2.110580739
GLOBAL,PWRBIOGUYXX01,BIOGUYXX,1,2035,S1D2,0.17968735071
GLOBAL,PWRBIOGUYXX01,BIOGUYXX,1,2035,S2D4,3.4910352000000002
GLOBAL,PWRBIOGUYXX01,BIOGUYXX,1,2035,S2D1,1.9942713855
GLOBAL,PWRBIOGUYXX01,BIOGUYXX,1,2035,S2D2,3.4910352000000002
GLOBAL,PWRBIOGUYXX01,BIOGUYXX,1,2036,S1D4,2.6653652279999998
GLOBAL,PWRBIOGUYXX01,BIOGUYXX,1,2036,S1D1,2.110580739
GLOBAL,PWRBIOGUYXX01,BIOGUYXX,1,2036,S2D4,3.4910352000000002
GLOBAL,PWRBIOGUYXX01,BIOGUYXX,1,2036,S2D1,3.4910352000000002
GLOBAL,PWRBIOGUYXX01,BIOGUYXX,1,2036,S2D2,2.1711065544
GLOBAL,PWRBIOGUYXX01,BIOGUYXX,1,2037,S1D4,2.6653652279999998
GLOBAL,PWRBIOGUYXX01,BIOGUYXX,1,2037,S1D1,2.110580739
GLOBAL,PWRBIOGUYXX01,BIOGUYXX,1,2037,S1D2,3.4910352000000002
GLOBAL,PWRBIOGUYXX01,BIOGUYXX,1,2037,S2D4,3.4910352000000002
GLOBAL,PWRBIOGUYXX01,BIOGUYXX,1,2037,S2D1,1.9942713855
GLOBAL,PWRBIOGUYXX01,BIOGUYXX,1,2037,S2D2,0.23224843026000003
GLOBAL,PWRBIOGUYXX01,BIOGUYXX,1,2038,S1D4,2.6653652279999998
GLOBAL,PWRBIOGUYXX01,BIOGUYXX,1,2038,S1D1,2.110580739
GLOBAL,PWRBIOGUYXX01,BIOGUYXX,1,2038,S1D2,3.4910352000000002
GLOBAL,PWRBIOGUYXX01,BIOGUYXX,1,2038,S2D4,3.4910352000000002
GLOBAL,PWRBIOGUYXX01,BIOGUYXX,1,2038,S2D1,1.9942713855
GLOBAL,PWRBIOGUYXX01,BIOGUYXX,1,2038,S2D2,0.23224843026000003
GLOBAL,PWRCCGGUYXX01,GASINT,2,2021,S1D4,4.1808028
GLOBAL,PWRCCGGUYXX01,GASINT,2,2021,S1D1,4.1808028
GLOBAL,PWRCCGGUYXX01,GASINT,2,2021,S1D2,3.9982292
GLOBAL,PWRCCGGUYXX01,GASINT,2,2021,S2D4,4.1808028
GLOBAL,PWRCCGGUYXX01,GASINT,2,2021,S2D1,3.3695488
GLOBAL,PWRCCGGUYXX01,GASINT,2,2021,S2D2,2.7596566
GLOBAL,PWRCCGGUYXX01,GASINT,2,2022,S1D4,4.1808028
GLOBAL,PWRCCGGUYXX01,GASINT,2,2022,S1D1,4.1808028
GLOBAL,PWRCCGGUYXX01,GASINT,2,2022,S1D2,3.9982292
GLOBAL,PWRCCGGUYXX01,GASINT,2,2022,S2D4,4.1808028
GLOBAL,PWRCCGGUYXX01,GASINT,2,2022,S2D1,3.3695488
GLOBAL,PWRCCGGUYXX01,GASINT,2,2022,S2D2,2.7596566
GLOBAL,PWRCCGGUYXX01,GASINT,2,2023,S1D4,4.1808028
GLOBAL,PWRCCGGUYXX01,GASINT,2,2023,S1D1,4.1808028
GLOBAL,PWRCCGGUYXX01,GASINT,2,2023,S1D2,3.9008378
GLOBAL,PWRCCGGUYXX01,GASINT,2,2023,S2D4,4.1808028
GLOBAL,PWRCCGGUYXX01,GASINT,2,2023,S2D1,4.1808028
GLOBAL,PWRCCGGUYXX01,GASINT,2,2023,S2D2,2.044248
GLOBAL,PWRCCGGUYXX01,GASINT,2,2024,S1D4,4.1808028
GLOBAL,PWRCCGGUYXX01,GASINT,2,2024,S1D1,4.1808028
GLOBAL,PWRCCGGUYXX01,GASINT,2,2024,S1D2,3.9982292
GLOBAL,PWRCCGGUYXX01,GASINT,2,2024,S2D4,4.1808028
GLOBAL,PWRCCGGUYXX01,GASINT,2,2024,S2D1,3.3695488
GLOBAL,PWRCCGGUYXX01,GASINT,2,2024,S2D2,2.7596566
GLOBAL,PWRCCGGUYXX01,GASINT,2,2025,S1D4,4.1808028
GLOBAL,PWRCCGGUYXX01,GASINT,2,2025,S1D1,4.1808028
GLOBAL,PWRCCGGUYXX01,GASINT,2,2025,S1D2,2.1060692
GLOBAL,PWRCCGGUYXX01,GASINT,2,2025,S2D4,4.1808028
GLOBAL,PWRCCGGUYXX01,GASINT,2,2025,S2D1,4.1808028
GLOBAL,PWRCCGGUYXX01,GASINT,2,2025,S2D2,3.8105282
GLOBAL,PWRCCGGUYXX01,GASINT,2,2026,S1D4,4.1808028
GLOBAL,PWRCCGGUYXX01,GASINT,2,2026,S1D1,4.1808028
GLOBAL,PWRCCGGUYXX01,GASINT,2,2026,S1D2,2.1060692
GLOBAL,PWRCCGGUYXX01,GASINT,2,2026,S2D4,4.1808028
GLOBAL,PWRCCGGUYXX01,GASINT,2,2026,S2D1,4.1808028
GLOBAL,PWRCCGGUYXX01,GASINT,2,2026,S2D2,3.8105282
GLOBAL,PWRCCGGUYXX01,GASINT,2,2027,S1D4,4.1808028
GLOBAL,PWRCCGGUYXX01,GASINT,2,2027,S1D1,4.1808028
GLOBAL,PWRCCGGUYXX01,GASINT,2,2027,S1D2,3.9008378
GLOBAL,PWRCCGGUYXX01,GASINT,2,2027,S2D4,4.1808028
GLOBAL,PWRCCGGUYXX01,GASINT,2,2027,S2D1,4.1808028
GLOBAL,PWRCCGGUYXX01,GASINT,2,2027,S2D2,2.044248
GLOBAL,PWRCCGGUYXX01,GASINT,2,2028,S1D4,4.1808028
GLOBAL,PWRCCGGUYXX01,GASINT,2,2028,S1D1,3.432589
GLOBAL,PWRCCGGUYXX01,GASINT,2,2028,S1D2,2.7263728
GLOBAL,PWRCCGGUYXX01,GASINT,2,2028,S2D4,4.1808028
GLOBAL,PWRCCGGUYXX01,GASINT,2,2028,S2D1,4.1808028
GLOBAL,PWRCCGGUYXX01,GASINT,2,2028,S2D2,3.936408
GLOBAL,PWRCCGGUYXX01,GASINT,2,2029,S1D4,4.1808028
GLOBAL,PWRCCGGUYXX01,GASINT,2,2029,S1D1,3.432589
GLOBAL,PWRCCGGUYXX01,GASINT,2,2029,S1D2,2.7263728
GLOBAL,PWRCCGGUYXX01,GASINT,2,2029,S2D4,4.1808028
GLOBAL,PWRCCGGUYXX01,GASINT,2,2029,S2D1,4.1808028
GLOBAL,PWRCCGGUYXX01,GASINT,2,2029,S2D2,3.936408
GLOBAL,PWRCCGGUYXX01,GASINT,2,2030,S1D4,4.1808028
GLOBAL,PWRCCGGUYXX01,GASINT,2,2030,S1D1,4.1808028
GLOBAL,PWRCCGGUYXX01,GASINT,2,2030,S1D2,3.9008378
GLOBAL,PWRCCGGUYXX01,GASINT,2,2030,S2D4,4.1808028
GLOBAL,PWRCCGGUYXX01,GASINT,2,2030,S2D1,4.1808028
GLOBAL,PWRCCGGUYXX01,GASINT,2,2030,S2D2,2.044248
GLOBAL,PWRCCGGUYXX01,GASINT,2,2031,S1D4,4.1808028
GLOBAL,PWRCCGGUYXX01,GASINT,2,2031,S1D1,4.1808028
GLOBAL,PWRCCGGUYXX01,GASINT,2,2031,S1D2,3.9982292
GLOBAL,PWRCCGGUYXX01,GASINT,2,2031,S2D4,4.1808028
GLOBAL,PWRCCGGUYXX01,GASINT,2,2031,S2D1,3.3695488
GLOBAL,PWRCCGGUYXX01,GASINT,2,2031,S2D2,2.7596566
GLOBAL,PWRCCGGUYXX01,GASINT,2,2032,S1D4,4.1808028
GLOBAL,PWRCCGGUYXX01,GASINT,2,2032,S1D1,4.1808028
GLOBAL,PWRCCGGUYXX01,GASINT,2,2032,S1D2,2.1060692
GLOBAL,PWRCCGGUYXX01,GASINT,2,2032,S2D4,4.1808028
GLOBAL,PWRCCGGUYXX01,GASINT,2,2032,S2D1,4.1808028
GLOBAL,PWRCCGGUYXX01,GASINT,2,2032,S2D2,3.8105282
GLOBAL,PWRCCGGUYXX01,GASINT,2,2033,S1D4,4.1808028
GLOBAL,PWRCCGGUYXX01,GASINT,2,2033,S1D1,4.1808028
GLOBAL,PWRCCGGUYXX01,GASINT,2,2033,S1D2,3.9008378
GLOBAL,PWRCCGGUYXX01,GASINT,2,2033,S2D4,4.1808028
GLOBAL,PWRCCGGUYXX01,GASINT,2,2033,S2D1,4.1808028
GLOBAL,PWRCCGGUYXX01,GASINT,2,2033,S2D2,2.044248
GLOBAL,PWRCCGGUYXX01,GASINT,2,2034,S1D4,4.1808028
GLOBAL,PWRCCGGUYXX01,GASINT,2,2034,S1D1,4.1808028
GLOBAL,PWRCCGGUYXX01,GASINT,2,2034,S1D2,3.9982292
GLOBAL,PWRCCGGUYXX01,GASINT,2,2034,S2D4,4.1808028
GLOBAL,PWRCCGGUYXX01,GASINT,2,2034,S2D1,3.3695488
GLOBAL,PWRCCGGUYXX01,GASINT,2,2034,S2D2,2.7596566
GLOBAL,PWRCCGGUYXX01,GASINT,2,2035,S1D4,4.1808028
GLOBAL,PWRCCGGUYXX01,GASINT,2,2035,S1D1,4.1808028
GLOBAL,PWRCCGGUYXX01,GASINT,2,2035,S1D2,3.9008378
GLOBAL,PWRCCGGUYXX01,GASINT,2,2035,S2D4,4.1808028
GLOBAL,PWRCCGGUYXX01,GASINT,2,2035,S2D1,4.1808028
GLOBAL,PWRCCGGUYXX01,GASINT,2,2035,S2D2,2.044248
GLOBAL,PWRCCGGUYXX01,GASINT,2,2036,S1D4,4.1808028
GLOBAL,PWRCCGGUYXX01,GASINT,2,2036,S1D1,4.1808028
GLOBAL,PWRCCGGUYXX01,GASINT,2,2036,S1D2,3.9982292
GLOBAL,PWRCCGGUYXX01,GASINT,2,2036,S2D4,4.1808028
GLOBAL,PWRCCGGUYXX01,GASINT,2,2036,S2D1,3.3695488
GLOBAL,PWRCCGGUYXX01,GASINT,2,2036,S2D2,2.7596566
GLOBAL,PWRCCGGUYXX01,GASINT,2,2037,S1D4,4.1808028
GLOBAL,PWRCCGGUYXX01,GASINT,2,2037,S1D1,4.1808028
GLOBAL,PWRCCGGUYXX01,GASINT,2,2037,S1D2,2.1060692
GLOBAL,PWRCCGGUYXX01,GASINT,2,2037,S2D4,4.1808028
GLOBAL,PWRCCGGUYXX01,GASINT,2,2037,S2D1,4.1808028
GLOBAL,PWRCCGGUYXX01,GASINT,2,2037,S2D2,3.8105282
GLOBAL,PWRCCGGUYXX01,GASINT,2,2038,S1D4,4.1808028
GLOBAL,PWRCCGGUYXX01,GASINT,2,2038,S1D1,4.1808028
GLOBAL,PWRCCGGUYXX01,GASINT,2,2038,S1D2,2.1060692
GLOBAL,PWRCCGGUYXX01,GASINT,2,2038,S2D4,4.1808028
GLOBAL,PWRCCGGUYXX01,GASINT,2,2038,S2D1,4.1808028
GLOBAL,PWRCCGGUYXX01,GASINT,2,2038,S2D2,3.8105282
GLOBAL,PWRCCGGUYXX01,GASINT,2,2039,S1D4,5.6254452
GLOBAL,PWRCCGGUYXX01,GASINT,2,2039,S1D1,5.324749
GLOBAL,PWRCCGGUYXX01,GASINT,2,2039,S1D2,3.9982292
GLOBAL,PWRCCGGUYXX01,GASINT,2,2039,S2D4,6.0729628
GLOBAL,PWRCCGGUYXX01,GASINT,2,2039,S2D1,5.2617088
GLOBAL,PWRCCGGUYXX01,GASINT,2,2039,S2D2,3.936408
GLOBAL,PWRCCGGUYXX01,GASINT,2,2040,S1D4,5.7591142
GLOBAL,PWRCCGGUYXX01,GASINT,2,2040,S1D1,5.4290322
GLOBAL,PWRCCGGUYXX01,GASINT,2,2040,S1D2,4.070967
GLOBAL,PWRCCGGUYXX01,GASINT,2,2040,S2D4,6.1423064
GLOBAL,PWRCCGGUYXX01,GASINT,2,2040,S2D1,5.3428572
GLOBAL,PWRCCGGUYXX01,GASINT,2,2040,S2D2,3.987654
GLOBAL,PWRCCGGUYXX01,GASINT,2,2041,S1D4,5.7967554
GLOBAL,PWRCCGGUYXX01,GASINT,2,2041,S1D1,5.4645162
GLOBAL,PWRCCGGUYXX01,GASINT,2,2041,S1D2,4.0975746
GLOBAL,PWRCCGGUYXX01,GASINT,2,2041,S2D4,6.1824522
GLOBAL,PWRCCGGUYXX01,GASINT,2,2041,S2D1,5.3777778
GLOBAL,PWRCCGGUYXX01,GASINT,2,2041,S2D2,4.013717
GLOBAL,PWRCCGGUYXX01,GASINT,2,2042,S1D4,5.8343968
GLOBAL,PWRCCGGUYXX01,GASINT,2,2042,S1D1,5.5
GLOBAL,PWRCCGGUYXX01,GASINT,2,2042,S1D2,4.1241822
GLOBAL,PWRCCGGUYXX01,GASINT,2,2042,S2D4,6.222598
GLOBAL,PWRCCGGUYXX01,GASINT,2,2042,S2D1,5.4126984
GLOBAL,PWRCCGGUYXX01,GASINT,2,2042,S2D2,4.0397802
GLOBAL,PWRCCGGUYXX01,GASINT,2,2043,S1D4,5.9021386
GLOBAL,PWRCCGGUYXX01,GASINT,2,2043,S1D1,5.5532258
GLOBAL,PWRCCGGUYXX01,GASINT,2,2043,S1D2,4.177408
GLOBAL,PWRCCGGUYXX01,GASINT,2,2043,S2D4,6.2940264
GLOBAL,PWRCCGGUYXX01,GASINT,2,2043,S2D1,5.4650794
GLOBAL,PWRCCGGUYXX01,GASINT,2,2043,S2D2,4.0921612
GLOBAL,PWRCCGGUYXX01,GASINT,2,2043,S2D3,0.123809524
GLOBAL,PWRCCGGUYXX01,GASINT,2,2044,S1D4,5.9473
GLOBAL,PWRCCGGUYXX01,GASINT,2,2044,S1D1,5.5887096
GLOBAL,PWRCCGGUYXX01,GASINT,2,2044,S1D2,4.212892
GLOBAL,PWRCCGGUYXX01,GASINT,2,2044,S1D3,0.20967742
GLOBAL,PWRCCGGUYXX01,GASINT,2,2044,S2D4,6.3416456
GLOBAL,PWRCCGGUYXX01,GASINT,2,2044,S2D1,5.5
GLOBAL,PWRCCGGUYXX01,GASINT,2,2044,S2D2,4.1270818
GLOBAL,PWRCCGGUYXX01,GASINT,2,2045,S1D4,5.9924612
GLOBAL,PWRCCGGUYXX01,GASINT,2,2045,S1D1,5.6241936
GLOBAL,PWRCCGGUYXX01,GASINT,2,2045,S1D2,4.2483758
GLOBAL,PWRCCGGUYXX01,GASINT,2,2045,S2D4,6.3892646
GLOBAL,PWRCCGGUYXX01,GASINT,2,2045,S2D1,5.5349206
GLOBAL,PWRCCGGUYXX01,GASINT,2,2045,S2D2,4.1620024
GLOBAL,PWRCCGGUYXX01,GASINT,2,2045,S2D3,0.28888888
GLOBAL,PWRCCGGUYXX01,GASINT,2,2046,S1D4,6.263429
GLOBAL,PWRCCGGUYXX01,GASINT,2,2046,S1D1,5.8370968
GLOBAL,PWRCCGGUYXX01,GASINT,2,2046,S1D2,4.461279
GLOBAL,PWRCCGGUYXX01,GASINT,2,2046,S2D4,6.6354838
GLOBAL,PWRCCGGUYXX01,GASINT,2,2046,S2D1,5.7444444
GLOBAL,PWRCCGGUYXX01,GASINT,2,2046,S2D2,4.3715262
GLOBAL,PWRCCGGUYXX01,GASINT,2,2046,S2D3,0.78412698
GLOBAL,PWRCCGGUYXX01,GASINT,2,2047,S1D4,6.5118162
GLOBAL,PWRCCGGUYXX01,GASINT,2,2047,S1D1,6.032258
GLOBAL,PWRCCGGUYXX01,GASINT,2,2047,S1D2,4.6564404
GLOBAL,PWRCCGGUYXX01,GASINT,2,2047,S2D4,6.6354838
GLOBAL,PWRCCGGUYXX01,GASINT,2,2047,S2D1,5.936508
GLOBAL,PWRCCGGUYXX01,GASINT,2,2047,S2D2,4.5635896
GLOBAL,PWRCCGGUYXX01,GASINT,2,2047,S2D3,1.23809524
GLOBAL,PWRCCGGUYXX01,GASINT,2,2048,S1D4,6.6354838
GLOBAL,PWRCCGGUYXX01,GASINT,2,2048,S1D1,6.2274194
GLOBAL,PWRCCGGUYXX01,GASINT,2,2048,S1D2,4.8516016
GLOBAL,PWRCCGGUYXX01,GASINT,2,2048,S1D3,1.71935484
GLOBAL,PWRCCGGUYXX01,GASINT,2,2048,S2D4,6.6354838
GLOBAL,PWRCCGGUYXX01,GASINT,2,2048,S2D1,6.1285714
GLOBAL,PWRCCGGUYXX01,GASINT,2,2048,S2D2,4.7556532
GLOBAL,PWRCCGGUYXX01,GASINT,2,2049,S1D4,6.6354838
GLOBAL,PWRCCGGUYXX01,GASINT,2,2049,S1D1,6.4403226
GLOBAL,PWRCCGGUYXX01,GASINT,2,2049,S1D2,5.0645048
GLOBAL,PWRCCGGUYXX01,GASINT,2,2049,S1D3,2.217104
GLOBAL,PWRCCGGUYXX01,GASINT,2,2049,S2D4,6.6354838
GLOBAL,PWRCCGGUYXX01,GASINT,2,2049,S2D1,6.3380952
GLOBAL,PWRCCGGUYXX01,GASINT,2,2049,S2D2,4.965177
GLOBAL,PWRCCGGUYXX01,GASINT,2,2049,S2D3,0.0053896936
GLOBAL,PWRCCGGUYXX01,GASINT,2,2050,S1D4,6.6354838
GLOBAL,PWRCCGGUYXX01,GASINT,2,2050,S1D1,6.6354838
GLOBAL,PWRCCGGUYXX01,GASINT,2,2050,S1D2,5.2596662
GLOBAL,PWRCCGGUYXX01,GASINT,2,2050,S1D3,0.43513578
GLOBAL,PWRCCGGUYXX01,GASINT,2,2050,S2D4,6.6354838
GLOBAL,PWRCCGGUYXX01,GASINT,2,2050,S2D1,6.5301588
GLOBAL,PWRCCGGUYXX01,GASINT,2,2050,S2D2,5.1572404
GLOBAL,PWRCCGGUYXX01,GASINT,2,2050,S2D3,2.213041
GLOBAL,PWROCGGUYXX01,GASINT,2,2046,S2D4,0.056418601786
GLOBAL,PWROCGGUYXX01,GASINT,2,2047,S2D4,0.43054955716000004
GLOBAL,PWROCGGUYXX01,GASINT,2,2048,S1D4,0.178161574333
GLOBAL,PWROCGGUYXX01,GASINT,2,2048,S2D4,0.80468050682
GLOBAL,PWROCGGUYXX01,GASINT,2,2049,S1D4,0.5652389937800001
GLOBAL,PWROCGGUYXX01,GASINT,2,2049,S2D4,1.2128233558000001
GLOBAL,PWROCGGUYXX01,GASINT,2,2050,S1D4,0.9200599661300002
GLOBAL,PWROCGGUYXX01,GASINT,2,2050,S2D4,1.5869543054600002
GLOBAL,PWRSPVGUYXX01,SPVGUYXX,1,2021,S1D4,0.5644997
GLOBAL,PWRSPVGUYXX01,SPVGUYXX,1,2021,S1D2,0.66630624
GLOBAL,PWRSPVGUYXX01,SPVGUYXX,1,2021,S1D3,3.1496342
GLOBAL,PWRSPVGUYXX01,SPVGUYXX,1,2021,S2D4,0.56098913
GLOBAL,PWRSPVGUYXX01,SPVGUYXX,1,2021,S2D2,0.66490201
GLOBAL,PWRSPVGUYXX01,SPVGUYXX,1,2021,S2D3,3.0963036
GLOBAL,PWRSPVGUYXX01,SPVGUYXX,1,2022,S1D4,0.5644997
GLOBAL,PWRSPVGUYXX01,SPVGUYXX,1,2022,S1D2,0.66630624
GLOBAL,PWRSPVGUYXX01,SPVGUYXX,1,2022,S1D3,3.1496342
GLOBAL,PWRSPVGUYXX01,SPVGUYXX,1,2022,S2D4,0.56098913
GLOBAL,PWRSPVGUYXX01,SPVGUYXX,1,2022,S2D2,0.66490201
GLOBAL,PWRSPVGUYXX01,SPVGUYXX,1,2022,S2D3,3.0963036
GLOBAL,PWRSPVGUYXX01,SPVGUYXX,1,2023,S1D4,0.5644997
GLOBAL,PWRSPVGUYXX01,SPVGUYXX,1,2023,S1D2,0.66630624
GLOBAL,PWRSPVGUYXX01,SPVGUYXX,1,2023,S1D3,3.1496342
GLOBAL,PWRSPVGUYXX01,SPVGUYXX,1,2023,S2D4,0.56098913
GLOBAL,PWRSPVGUYXX01,SPVGUYXX,1,2023,S2D2,0.66490201
GLOBAL,PWRSPVGUYXX01,SPVGUYXX,1,2023,S2D3,3.0963036
GLOBAL,PWRSPVGUYXX01,SPVGUYXX,1,2024,S1D4,0.5644997
GLOBAL,PWRSPVGUYXX01,SPVGUYXX,1,2024,S1D2,0.66630624
GLOBAL,PWRSPVGUYXX01,SPVGUYXX,1,2024,S1D3,3.1496342
GLOBAL,PWRSPVGUYXX01,SPVGUYXX,1,2024,S2D4,0.56098913
GLOBAL,PWRSPVGUYXX01,SPVGUYXX,1,2024,S2D2,0.66490201
GLOBAL,PWRSPVGUYXX01,SPVGUYXX,1,2024,S2D3,3.0963036
GLOBAL,PWRSPVGUYXX01,SPVGUYXX,1,2025,S1D4,0.5644997
GLOBAL,PWRSPVGUYXX01,SPVGUYXX,1,2025,S1D2,0.66630624
GLOBAL,PWRSPVGUYXX01,SPVGUYXX,1,2025,S1D3,3.1496342
GLOBAL,PWRSPVGUYXX01,SPVGUYXX,1,2025,S2D4,0.56098913
GLOBAL,PWRSPVGUYXX01,SPVGUYXX,1,2025,S2D2,0.66490201
GLOBAL,PWRSPVGUYXX01,SPVGUYXX,1,2025,S2D3,3.0963036
GLOBAL,PWRSPVGUYXX01,SPVGUYXX,1,2026,S1D4,0.5644997
GLOBAL,PWRSPVGUYXX01,SPVGUYXX,1,2026,S1D2,0.66630624
GLOBAL,PWRSPVGUYXX01,SPVGUYXX,1,2026,S1D3,3.1496342
GLOBAL,PWRSPVGUYXX01,SPVGUYXX,1,2026,S2D4,0.56098913
GLOBAL,PWRSPVGUYXX01,SPVGUYXX,1,2026,S2D2,0.66490201
GLOBAL,PWRSPVGUYXX01,SPVGUYXX,1,2026,S2D3,3.0963036
GLOBAL,PWRSPVGUYXX01,SPVGUYXX,1,2027,S1D4,0.5644997
GLOBAL,PWRSPVGUYXX01,SPVGUYXX,1,2027,S1D2,0.66630624
GLOBAL,PWRSPVGUYXX01,SPVGUYXX,1,2027,S1D3,3.1496342
GLOBAL,PWRSPVGUYXX01,SPVGUYXX,1,2027,S2D4,0.56098913
GLOBAL,PWRSPVGUYXX01,SPVGUYXX,1,2027,S2D2,0.66490201
GLOBAL,PWRSPVGUYXX01,SPVGUYXX,1,2027,S2D3,3.0963036
GLOBAL,PWRSPVGUYXX01,SPVGUYXX,1,2028,S1D4,0.5644997
GLOBAL,PWRSPVGUYXX01,SPVGUYXX,1,2028,S1D2,0.66630624
GLOBAL,PWRSPVGUYXX01,SPVGUYXX,1,2028,S1D3,3.1496342
GLOBAL,PWRSPVGUYXX01,SPVGUYXX,1,2028,S2D4,0.56098913
GLOBAL,PWRSPVGUYXX01,SPVGUYXX,1,2028,S2D2,0.66490201
GLOBAL,PWRSPVGUYXX01,SPVGUYXX,1,2028,S2D3,3.0963036
GLOBAL,PWRSPVGUYXX01,SPVGUYXX,1,2029,S1D4,0.5644997
GLOBAL,PWRSPVGUYXX01,SPVGUYXX,1,2029,S1D2,0.66630624
GLOBAL,PWRSPVGUYXX01,SPVGUYXX,1,2029,S1D3,3.1496342
GLOBAL,PWRSPVGUYXX01,SPVGUYXX,1,2029,S2D4,0.56098913
GLOBAL,PWRSPVGUYXX01,SPVGUYXX,1,2029,S2D2,0.66490201
GLOBAL,PWRSPVGUYXX01,SPVGUYXX,1,2029,S2D3,3.0963036
GLOBAL,PWRSPVGUYXX01,SPVGUYXX,1,2030,S1D4,0.5644997
GLOBAL,PWRSPVGUYXX01,SPVGUYXX,1,2030,S1D2,0.66630624
GLOBAL,PWRSPVGUYXX01,SPVGUYXX,1,2030,S1D3,3.1023685
GLOBAL,PWRSPVGUYXX01,SPVGUYXX,1,2030,S2D4,0.56098913
GLOBAL,PWRSPVGUYXX01,SPVGUYXX,1,2030,S2D2,0.66490201
GLOBAL,PWRSPVGUYXX01,SPVGUYXX,1,2030,S2D3,3.1428191
GLOBAL,PWRSPVGUYXX01,SPVGUYXX,1,2031,S1D4,0.5644997
GLOBAL,PWRSPVGUYXX01,SPVGUYXX,1,2031,S1D2,0.66630624
GLOBAL,PWRSPVGUYXX01,SPVGUYXX,1,2031,S1D3,3.1023685
GLOBAL,PWRSPVGUYXX01,SPVGUYXX,1,2031,S2D4,0.56098913
GLOBAL,PWRSPVGUYXX01,SPVGUYXX,1,2031,S2D2,0.66490201
GLOBAL,PWRSPVGUYXX01,SPVGUYXX,1,2031,S2D3,3.1428191
GLOBAL,PWRSPVGUYXX01,SPVGUYXX,1,2032,S1D4,0.5644997
GLOBAL,PWRSPVGUYXX01,SPVGUYXX,1,2032,S1D2,0.66630624
GLOBAL,PWRSPVGUYXX01,SPVGUYXX,1,2032,S1D3,3.1023685
GLOBAL,PWRSPVGUYXX01,SPVGUYXX,1,2032,S2D4,0.56098913
GLOBAL,PWRSPVGUYXX01,SPVGUYXX,1,2032,S2D2,0.66490201
GLOBAL,PWRSPVGUYXX01,SPVGUYXX,1,2032,S2D3,3.1428191
GLOBAL,PWRSPVGUYXX01,SPVGUYXX,1,2033,S1D4,0.5644997
GLOBAL,PWRSPVGUYXX01,SPVGUYXX,1,2033,S1D2,0.66630624
GLOBAL,PWRSPVGUYXX01,SPVGUYXX,1,2033,S1D3,3.1023685
GLOBAL,PWRSPVGUYXX01,SPVGUYXX,1,2033,S2D4,0.56098913
GLOBAL,PWRSPVGUYXX01,SPVGUYXX,1,2033,S2D2,0.66490201
GLOBAL,PWRSPVGUYXX01,SPVGUYXX,1,2033,S2D3,3.1428191
GLOBAL,PWRSPVGUYXX01,SPVGUYXX,1,2034,S1D4,0.5644997
GLOBAL,PWRSPVGUYXX01,SPVGUYXX,1,2034,S1D2,0.66630624
GLOBAL,PWRSPVGUYXX01,SPVGUYXX,1,2034,S1D3,3.1023685
GLOBAL,PWRSPVGUYXX01,SPVGUYXX,1,2034,S2D4,0.56098913
GLOBAL,PWRSPVGUYXX01,SPVGUYXX,1,2034,S2D2,0.66490201
GLOBAL,PWRSPVGUYXX01,SPVGUYXX,1,2034,S2D3,3.1428191
GLOBAL,PWRSPVGUYXX01,SPVGUYXX,1,2035,S1D4,0.5644997
GLOBAL,PWRSPVGUYXX01,SPVGUYXX,1,2035,S1D2,0.66630624
GLOBAL,PWRSPVGUYXX01,SPVGUYXX,1,2035,S1D3,3.1023685
GLOBAL,PWRSPVGUYXX01,SPVGUYXX,1,2035,S2D4,0.56098913
GLOBAL,PWRSPVGUYXX01,SPVGUYXX,1,2035,S2D2,0.66490201
GLOBAL,PWRSPVGUYXX01,SPVGUYXX,1,2035,S2D3,3.1428191
GLOBAL,PWRSPVGUYXX01,SPVGUYXX,1,2036,S1D4,0.5644997
GLOBAL,PWRSPVGUYXX01,SPVGUYXX,1,2036,S1D2,0.66630624
GLOBAL,PWRSPVGUYXX01,SPVGUYXX,1,2036,S1D3,3.1023685
GLOBAL,PWRSPVGUYXX01,SPVGUYXX,1,2036,S2D4,0.56098913
GLOBAL,PWRSPVGUYXX01,SPVGUYXX,1,2036,S2D2,0.66490201
GLOBAL,PWRSPVGUYXX01,SPVGUYXX,1,2036,S2D3,3.1428191
GLOBAL,PWRSPVGUYXX01,SPVGUYXX,1,2037,S1D4,0.5644997
GLOBAL,PWRSPVGUYXX01,SPVGUYXX,1,2037,S1D2,0.66630624
GLOBAL,PWRSPVGUYXX01,SPVGUYXX,1,2037,S1D3,3.1023685
GLOBAL,PWRSPVGUYXX01,SPVGUYXX,1,2037,S2D4,0.56098913
GLOBAL,PWRSPVGUYXX01,SPVGUYXX,1,2037,S2D2,0.66490201
GLOBAL,PWRSPVGUYXX01,SPVGUYXX,1,2037,S2D3,3.1428191
GLOBAL,PWRSPVGUYXX01,SPVGUYXX,1,2038,S1D4,0.5644997
GLOBAL,PWRSPVGUYXX01,SPVGUYXX,1,2038,S1D2,0.66630624
GLOBAL,PWRSPVGUYXX01,SPVGUYXX,1,2038,S1D3,3.1023685
GLOBAL,PWRSPVGUYXX01,SPVGUYXX,1,2038,S2D4,0.56098913
GLOBAL,PWRSPVGUYXX01,SPVGUYXX,1,2038,S2D2,0.66490201
GLOBAL,PWRSPVGUYXX01,SPVGUYXX,1,2038,S2D3,3.1428191
GLOBAL,PWRSPVGUYXX01,SPVGUYXX,1,2039,S1D4,0.5644997
GLOBAL,PWRSPVGUYXX01,SPVGUYXX,1,2039,S1D2,0.66630624
GLOBAL,PWRSPVGUYXX01,SPVGUYXX,1,2039,S1D3,3.1496342
GLOBAL,PWRSPVGUYXX01,SPVGUYXX,1,2039,S2D4,0.56098913
GLOBAL,PWRSPVGUYXX01,SPVGUYXX,1,2039,S2D2,0.66490201
GLOBAL,PWRSPVGUYXX01,SPVGUYXX,1,2039,S2D3,3.0963036
GLOBAL,PWRSPVGUYXX01,SPVGUYXX,1,2040,S1D4,0.5752816
GLOBAL,PWRSPVGUYXX01,SPVGUYXX,1,2040,S1D2,0.67903264
GLOBAL,PWRSPVGUYXX01,SPVGUYXX,1,2040,S1D3,3.2080645
GLOBAL,PWRSPVGUYXX01,SPVGUYXX,1,2040,S2D4,0.57170398
GLOBAL,PWRSPVGUYXX01,SPVGUYXX,1,2040,S2D2,0.67760159
GLOBAL,PWRSPVGUYXX01,SPVGUYXX,1,2040,S2D3,3.1571429
GLOBAL,PWRSPVGUYXX01,SPVGUYXX,1,2041,S1D4,0.57904161
GLOBAL,PWRSPVGUYXX01,SPVGUYXX,1,2041,S1D2,0.68347076
GLOBAL,PWRSPVGUYXX01,SPVGUYXX,1,2041,S1D3,3.2290323
GLOBAL,PWRSPVGUYXX01,SPVGUYXX,1,2041,S2D4,0.57544061
GLOBAL,PWRSPVGUYXX01,SPVGUYXX,1,2041,S2D2,0.68203036
GLOBAL,PWRSPVGUYXX01,SPVGUYXX,1,2041,S2D3,3.1777778
GLOBAL,PWRSPVGUYXX01,SPVGUYXX,1,2042,S1D4,0.58280162
GLOBAL,PWRSPVGUYXX01,SPVGUYXX,1,2042,S1D2,0.68790888
GLOBAL,PWRSPVGUYXX01,SPVGUYXX,1,2042,S1D3,3.25
GLOBAL,PWRSPVGUYXX01,SPVGUYXX,1,2042,S2D4,0.57917723
GLOBAL,PWRSPVGUYXX01,SPVGUYXX,1,2042,S2D2,0.68645912
GLOBAL,PWRSPVGUYXX01,SPVGUYXX,1,2042,S2D3,3.1984127
GLOBAL,PWRSPVGUYXX01,SPVGUYXX,1,2043,S1D4,0.58280162
GLOBAL,PWRSPVGUYXX01,SPVGUYXX,1,2043,S1D2,0.68790888
GLOBAL,PWRSPVGUYXX01,SPVGUYXX,1,2043,S1D3,3.2814516
GLOBAL,PWRSPVGUYXX01,SPVGUYXX,1,2043,S2D4,0.57917723
GLOBAL,PWRSPVGUYXX01,SPVGUYXX,1,2043,S2D2,0.68645912
GLOBAL,PWRSPVGUYXX01,SPVGUYXX,1,2043,S2D3,3.1674603
GLOBAL,PWRSPVGUYXX01,SPVGUYXX,1,2044,S1D4,0.58280162
GLOBAL,PWRSPVGUYXX01,SPVGUYXX,1,2044,S1D2,0.68790888
GLOBAL,PWRSPVGUYXX01,SPVGUYXX,1,2044,S1D3,3.1975806
GLOBAL,PWRSPVGUYXX01,SPVGUYXX,1,2044,S2D4,0.57917723
GLOBAL,PWRSPVGUYXX01,SPVGUYXX,1,2044,S2D2,0.68645912
GLOBAL,PWRSPVGUYXX01,SPVGUYXX,1,2044,S2D3,3.25
GLOBAL,PWRSPVGUYXX01,SPVGUYXX,1,2045,S1D4,0.58280162
GLOBAL,PWRSPVGUYXX01,SPVGUYXX,1,2045,S1D2,0.68790888
GLOBAL,PWRSPVGUYXX01,SPVGUYXX,1,2045,S1D3,3.3233871
GLOBAL,PWRSPVGUYXX01,SPVGUYXX,1,2045,S2D4,0.57917723
GLOBAL,PWRSPVGUYXX01,SPVGUYXX,1,2045,S2D2,0.68645912
GLOBAL,PWRSPVGUYXX01,SPVGUYXX,1,2045,S2D3,3.1261905
GLOBAL,PWRSPVGUYXX01,SPVGUYXX,1,2046,S1D4,0.58280162
GLOBAL,PWRSPVGUYXX01,SPVGUYXX,1,2046,S1D2,0.68790888
GLOBAL,PWRSPVGUYXX01,SPVGUYXX,1,2046,S1D3,3.4491935
GLOBAL,PWRSPVGUYXX01,SPVGUYXX,1,2046,S2D4,0.57917723
GLOBAL,PWRSPVGUYXX01,SPVGUYXX,1,2046,S2D2,0.68645912
GLOBAL,PWRSPVGUYXX01,SPVGUYXX,1,2046,S2D3,3.002381
GLOBAL,PWRSPVGUYXX01,SPVGUYXX,1,2047,S1D4,0.58280162
GLOBAL,PWRSPVGUYXX01,SPVGUYXX,1,2047,S1D2,0.68790888
GLOBAL,PWRSPVGUYXX01,SPVGUYXX,1,2047,S1D3,3.5645161
GLOBAL,PWRSPVGUYXX01,SPVGUYXX,1,2047,S2D4,0.57917723
GLOBAL,PWRSPVGUYXX01,SPVGUYXX,1,2047,S2D2,0.68645912
GLOBAL,PWRSPVGUYXX01,SPVGUYXX,1,2047,S2D3,2.8888889
GLOBAL,PWRSPVGUYXX01,SPVGUYXX,1,2048,S1D4,0.58280162
GLOBAL,PWRSPVGUYXX01,SPVGUYXX,1,2048,S1D2,0.68790888
GLOBAL,PWRSPVGUYXX01,SPVGUYXX,1,2048,S1D3,2.8201613
GLOBAL,PWRSPVGUYXX01,SPVGUYXX,1,2048,S2D4,0.57917723
GLOBAL,PWRSPVGUYXX01,SPVGUYXX,1,2048,S2D2,0.68645912
GLOBAL,PWRSPVGUYXX01,SPVGUYXX,1,2048,S2D3,3.6214286
GLOBAL,PWRSPVGUYXX01,SPVGUYXX,1,2049,S1D4,0.58280162
GLOBAL,PWRSPVGUYXX01,SPVGUYXX,1,2049,S1D2,0.68790888
GLOBAL,PWRSPVGUYXX01,SPVGUYXX,1,2049,S1D3,2.6970932
GLOBAL,PWRSPVGUYXX01,SPVGUYXX,1,2049,S2D4,0.57917723
GLOBAL,PWRSPVGUYXX01,SPVGUYXX,1,2049,S2D2,0.68645912
GLOBAL,PWRSPVGUYXX01,SPVGUYXX,1,2049,S2D3,3.7425432
GLOBAL,PWRSPVGUYXX01,SPVGUYXX,1,2050,S1D4,0.58280162
GLOBAL,PWRSPVGUYXX01,SPVGUYXX,1,2050,S1D2,0.68790888
GLOBAL,PWRSPVGUYXX01,SPVGUYXX,1,2050,S1D3,3.7033999
GLOBAL,PWRSPVGUYXX01,SPVGUYXX,1,2050,S2D4,0.57917723
GLOBAL,PWRSPVGUYXX01,SPVGUYXX,1,2050,S2D2,0.68645912
GLOBAL,PWRSPVGUYXX01,SPVGUYXX,1,2050,S2D3,2.7522097
GLOBAL,PWRTRNGUYXX,ELCGUYXX01,1,2021,S1D4,3.4548387
GLOBAL,PWRTRNGUYXX,ELCGUYXX01,1,2021,S1D1,2.7145161
GLOBAL,PWRTRNGUYXX,ELCGUYXX01,1,2021,S1D2,2.7145161
GLOBAL,PWRTRNGUYXX,ELCGUYXX01,1,2021,S1D3,3.2080645
GLOBAL,PWRTRNGUYXX,ELCGUYXX01,1,2021,S2D4,3.6428571
GLOBAL,PWRTRNGUYXX,ELCGUYXX01,1,2021,S2D1,2.6714286
GLOBAL,PWRTRNGUYXX,ELCGUYXX01,1,2021,S2D2,2.6714286
GLOBAL,PWRTRNGUYXX,ELCGUYXX01,1,2021,S2D3,3.1571429
GLOBAL,PWRTRNGUYXX,ELCGUYXX01,1,2022,S1D4,3.4548387
GLOBAL,PWRTRNGUYXX,ELCGUYXX01,1,2022,S1D1,2.7145161
GLOBAL,PWRTRNGUYXX,ELCGUYXX01,1,2022,S1D2,2.7145161
GLOBAL,PWRTRNGUYXX,ELCGUYXX01,1,2022,S1D3,3.2080645
GLOBAL,PWRTRNGUYXX,ELCGUYXX01,1,2022,S2D4,3.6428571
GLOBAL,PWRTRNGUYXX,ELCGUYXX01,1,2022,S2D1,2.6714286
GLOBAL,PWRTRNGUYXX,ELCGUYXX01,1,2022,S2D2,2.6714286
GLOBAL,PWRTRNGUYXX,ELCGUYXX01,1,2022,S2D3,3.1571429
GLOBAL,PWRTRNGUYXX,ELCGUYXX01,1,2023,S1D4,3.4548387
GLOBAL,PWRTRNGUYXX,ELCGUYXX01,1,2023,S1D1,2.7145161
GLOBAL,PWRTRNGUYXX,ELCGUYXX01,1,2023,S1D2,2.7145161
GLOBAL,PWRTRNGUYXX,ELCGUYXX01,1,2023,S1D3,3.2080645
GLOBAL,PWRTRNGUYXX,ELCGUYXX01,1,2023,S2D4,3.6428571
GLOBAL,PWRTRNGUYXX,ELCGUYXX01,1,2023,S2D1,2.6714286
GLOBAL,PWRTRNGUYXX,ELCGUYXX01,1,2023,S2D2,2.6714286
GLOBAL,PWRTRNGUYXX,ELCGUYXX01,1,2023,S2D3,3.1571429
GLOBAL,PWRTRNGUYXX,ELCGUYXX01,1,2024,S1D4,3.4548387
GLOBAL,PWRTRNGUYXX,ELCGUYXX01,1,2024,S1D1,2.7145161
GLOBAL,PWRTRNGUYXX,ELCGUYXX01,1,2024,S1D2,2.7145161
GLOBAL,PWRTRNGUYXX,ELCGUYXX01,1,2024,S1D3,3.2080645
GLOBAL,PWRTRNGUYXX,ELCGUYXX01,1,2024,S2D4,3.6428571
GLOBAL,PWRTRNGUYXX,ELCGUYXX01,1,2024,S2D1,2.6714286
GLOBAL,PWRTRNGUYXX,ELCGUYXX01,1,2024,S2D2,2.6714286
GLOBAL,PWRTRNGUYXX,ELCGUYXX01,1,2024,S2D3,3.1571429
GLOBAL,PWRTRNGUYXX,ELCGUYXX01,1,2025,S1D4,3.4548387
GLOBAL,PWRTRNGUYXX,ELCGUYXX01,1,2025,S1D1,2.7145161
GLOBAL,PWRTRNGUYXX,ELCGUYXX01,1,2025,S1D2,2.7145161
GLOBAL,PWRTRNGUYXX,ELCGUYXX01,1,2025,S1D3,3.2080645
GLOBAL,PWRTRNGUYXX,ELCGUYXX01,1,2025,S2D4,3.6428571
GLOBAL,PWRTRNGUYXX,ELCGUYXX01,1,2025,S2D1,2.6714286
GLOBAL,PWRTRNGUYXX,ELCGUYXX01,1,2025,S2D2,2.6714286
GLOBAL,PWRTRNGUYXX,ELCGUYXX01,1,2025,S2D3,3.1571429
GLOBAL,PWRTRNGUYXX,ELCGUYXX01,1,2026,S1D4,3.4548387
GLOBAL,PWRTRNGUYXX,ELCGUYXX01,1,2026,S1D1,2.7145161
GLOBAL,PWRTRNGUYXX,ELCGUYXX01,1,2026,S1D2,2.7145161
GLOBAL,PWRTRNGUYXX,ELCGUYXX01,1,2026,S1D3,3.2080645
GLOBAL,PWRTRNGUYXX,ELCGUYXX01,1,2026,S2D4,3.6428571
GLOBAL,PWRTRNGUYXX,ELCGUYXX01,1,2026,S2D1,2.6714286
GLOBAL,PWRTRNGUYXX,ELCGUYXX01,1,2026,S2D2,2.6714286
GLOBAL,PWRTRNGUYXX,ELCGUYXX01,1,2026,S2D3,3.1571429
GLOBAL,PWRTRNGUYXX,ELCGUYXX01,1,2027,S1D4,3.4548387
GLOBAL,PWRTRNGUYXX,ELCGUYXX01,1,2027,S1D1,2.7145161
GLOBAL,PWRTRNGUYXX,ELCGUYXX01,1,2027,S1D2,2.7145161
GLOBAL,PWRTRNGUYXX,ELCGUYXX01,1,2027,S1D3,3.2080645
GLOBAL,PWRTRNGUYXX,ELCGUYXX01,1,2027,S2D4,3.6428571
GLOBAL,PWRTRNGUYXX,ELCGUYXX01,1,2027,S2D1,2.6714286
GLOBAL,PWRTRNGUYXX,ELCGUYXX01,1,2027,S2D2,2.6714286
GLOBAL,PWRTRNGUYXX,ELCGUYXX01,1,2027,S2D3,3.1571429
GLOBAL,PWRTRNGUYXX,ELCGUYXX01,1,2028,S1D4,3.4548387
GLOBAL,PWRTRNGUYXX,ELCGUYXX01,1,2028,S1D1,2.7145161
GLOBAL,PWRTRNGUYXX,ELCGUYXX01,1,2028,S1D2,2.7145161
GLOBAL,PWRTRNGUYXX,ELCGUYXX01,1,2028,S1D3,3.2080645
GLOBAL,PWRTRNGUYXX,ELCGUYXX01,1,2028,S2D4,3.6428571
GLOBAL,PWRTRNGUYXX,ELCGUYXX01,1,2028,S2D1,2.6714286
GLOBAL,PWRTRNGUYXX,ELCGUYXX01,1,2028,S2D2,2.6714286
GLOBAL,PWRTRNGUYXX,ELCGUYXX01,1,2028,S2D3,3.1571429
GLOBAL,PWRTRNGUYXX,ELCGUYXX01,1,2029,S1D4,3.4548387
GLOBAL,PWRTRNGUYXX,ELCGUYXX01,1,2029,S1D1,2.7145161
GLOBAL,PWRTRNGUYXX,ELCGUYXX01,1,2029,S1D2,2.7145161
GLOBAL,PWRTRNGUYXX,ELCGUYXX01,1,2029,S1D3,3.2080645
GLOBAL,PWRTRNGUYXX,ELCGUYXX01,1,2029,S2D4,3.6428571
GLOBAL,PWRTRNGUYXX,ELCGUYXX01,1,2029,S2D1,2.6714286
GLOBAL,PWRTRNGUYXX,ELCGUYXX01,1,2029,S2D2,2.6714286
GLOBAL,PWRTRNGUYXX,ELCGUYXX01,1,2029,S2D3,3.1571429
GLOBAL,PWRTRNGUYXX,ELCGUYXX01,1,2030,S1D4,3.4548387
GLOBAL,PWRTRNGUYXX,ELCGUYXX01,1,2030,S1D1,2.7145161
GLOBAL,PWRTRNGUYXX,ELCGUYXX01,1,2030,S1D2,2.7145161
GLOBAL,PWRTRNGUYXX,ELCGUYXX01,1,2030,S1D3,3.2080645
GLOBAL,PWRTRNGUYXX,ELCGUYXX01,1,2030,S2D4,3.6428571
GLOBAL,PWRTRNGUYXX,ELCGUYXX01,1,2030,S2D1,2.6714286
GLOBAL,PWRTRNGUYXX,ELCGUYXX01,1,2030,S2D2,2.6714286
GLOBAL,PWRTRNGUYXX,ELCGUYXX01,1,2030,S2D3,3.1571429
GLOBAL,PWRTRNGUYXX,ELCGUYXX01,1,2031,S1D4,3.4548387
GLOBAL,PWRTRNGUYXX,ELCGUYXX01,1,2031,S1D1,2.7145161
GLOBAL,PWRTRNGUYXX,ELCGUYXX01,1,2031,S1D2,2.7145161
GLOBAL,PWRTRNGUYXX,ELCGUYXX01,1,2031,S1D3,3.2080645
GLOBAL,PWRTRNGUYXX,ELCGUYXX01,1,2031,S2D4,3.6428571
GLOBAL,PWRTRNGUYXX,ELCGUYXX01,1,2031,S2D1,2.6714286
GLOBAL,PWRTRNGUYXX,ELCGUYXX01,1,2031,S2D2,2.6714286
GLOBAL,PWRTRNGUYXX,ELCGUYXX01,1,2031,S2D3,3.1571429
GLOBAL,PWRTRNGUYXX,ELCGUYXX01,1,2032,S1D4,3.4548387
GLOBAL,PWRTRNGUYXX,ELCGUYXX01,1,2032,S1D1,2.7145161
GLOBAL,PWRTRNGUYXX,ELCGUYXX01,1,2032,S1D2,2.7145161
GLOBAL,PWRTRNGUYXX,ELCGUYXX01,1,2032,S1D3,3.2080645
GLOBAL,PWRTRNGUYXX,ELCGUYXX01,1,2032,S2D4,3.6428571
GLOBAL,PWRTRNGUYXX,ELCGUYXX01,1,2032,S2D1,2.6714286
GLOBAL,PWRTRNGUYXX,ELCGUYXX01,1,2032,S2D2,2.6714286
GLOBAL,PWRTRNGUYXX,ELCGUYXX01,1,2032,S2D3,3.1571429
GLOBAL,PWRTRNGUYXX,ELCGUYXX01,1,2033,S1D4,3.4548387
GLOBAL,PWRTRNGUYXX,ELCGUYXX01,1,2033,S1D1,2.7145161
GLOBAL,PWRTRNGUYXX,ELCGUYXX01,1,2033,S1D2,2.7145161
GLOBAL,PWRTRNGUYXX,ELCGUYXX01,1,2033,S1D3,3.2080645
GLOBAL,PWRTRNGUYXX,ELCGUYXX01,1,2033,S2D4,3.6428571
GLOBAL,PWRTRNGUYXX,ELCGUYXX01,1,2033,S2D1,2.6714286
GLOBAL,PWRTRNGUYXX,ELCGUYXX01,1,2033,S2D2,2.6714286
GLOBAL,PWRTRNGUYXX,ELCGUYXX01,1,2033,S2D3,3.1571429
GLOBAL,PWRTRNGUYXX,ELCGUYXX01,1,2034,S1D4,3.4548387
GLOBAL,PWRTRNGUYXX,ELCGUYXX01,1,2034,S1D1,2.7145161
GLOBAL,PWRTRNGUYXX,ELCGUYXX01,1,2034,S1D2,2.7145161
GLOBAL,PWRTRNGUYXX,ELCGUYXX01,1,2034,S1D3,3.2080645
GLOBAL,PWRTRNGUYXX,ELCGUYXX01,1,2034,S2D4,3.6428571
GLOBAL,PWRTRNGUYXX,ELCGUYXX01,1,2034,S2D1,2.6714286
GLOBAL,PWRTRNGUYXX,ELCGUYXX01,1,2034,S2D2,2.6714286
GLOBAL,PWRTRNGUYXX,ELCGUYXX01,1,2034,S2D3,3.1571429
GLOBAL,PWRTRNGUYXX,ELCGUYXX01,1,2035,S1D4,3.4548387
GLOBAL,PWRTRNGUYXX,ELCGUYXX01,1,2035,S1D1,2.7145161
GLOBAL,PWRTRNGUYXX,ELCGUYXX01,1,2035,S1D2,2.7145161
GLOBAL,PWRTRNGUYXX,ELCGUYXX01,1,2035,S1D3,3.2080645
GLOBAL,PWRTRNGUYXX,ELCGUYXX01,1,2035,S2D4,3.6428571
GLOBAL,PWRTRNGUYXX,ELCGUYXX01,1,2035,S2D1,2.6714286
GLOBAL,PWRTRNGUYXX,ELCGUYXX01,1,2035,S2D2,2.6714286
GLOBAL,PWRTRNGUYXX,ELCGUYXX01,1,2035,S2D3,3.1571429
GLOBAL,PWRTRNGUYXX,ELCGUYXX01,1,2036,S1D4,3.4548387
GLOBAL,PWRTRNGUYXX,ELCGUYXX01,1,2036,S1D1,2.7145161
GLOBAL,PWRTRNGUYXX,ELCGUYXX01,1,2036,S1D2,2.7145161
GLOBAL,PWRTRNGUYXX,ELCGUYXX01,1,2036,S1D3,3.2080645
GLOBAL,PWRTRNGUYXX,ELCGUYXX01,1,2036,S2D4,3.6428571
GLOBAL,PWRTRNGUYXX,ELCGUYXX01,1,2036,S2D1,2.6714286
GLOBAL,PWRTRNGUYXX,ELCGUYXX01,1,2036,S2D2,2.6714286
GLOBAL,PWRTRNGUYXX,ELCGUYXX01,1,2036,S2D3,3.1571429
GLOBAL,PWRTRNGUYXX,ELCGUYXX01,1,2037,S1D4,3.4548387
GLOBAL,PWRTRNGUYXX,ELCGUYXX01,1,2037,S1D1,2.7145161
GLOBAL,PWRTRNGUYXX,ELCGUYXX01,1,2037,S1D2,2.7145161
GLOBAL,PWRTRNGUYXX,ELCGUYXX01,1,2037,S1D3,3.2080645
GLOBAL,PWRTRNGUYXX,ELCGUYXX01,1,2037,S2D4,3.6428571
GLOBAL,PWRTRNGUYXX,ELCGUYXX01,1,2037,S2D1,2.6714286
GLOBAL,PWRTRNGUYXX,ELCGUYXX01,1,2037,S2D2,2.6714286
GLOBAL,PWRTRNGUYXX,ELCGUYXX01,1,2037,S2D3,3.1571429
GLOBAL,PWRTRNGUYXX,ELCGUYXX01,1,2038,S1D4,3.4548387
GLOBAL,PWRTRNGUYXX,ELCGUYXX01,1,2038,S1D1,2.7145161
GLOBAL,PWRTRNGUYXX,ELCGUYXX01,1,2038,S1D2,2.7145161
GLOBAL,PWRTRNGUYXX,ELCGUYXX01,1,2038,S1D3,3.2080645
GLOBAL,PWRTRNGUYXX,ELCGUYXX01,1,2038,S2D4,3.6428571
GLOBAL,PWRTRNGUYXX,ELCGUYXX01,1,2038,S2D1,2.6714286
GLOBAL,PWRTRNGUYXX,ELCGUYXX01,1,2038,S2D2,2.6714286
GLOBAL,PWRTRNGUYXX,ELCGUYXX01,1,2038,S2D3,3.1571429
GLOBAL,PWRTRNGUYXX,ELCGUYXX01,1,2039,S1D4,3.4548387
GLOBAL,PWRTRNGUYXX,ELCGUYXX01,1,2039,S1D1,2.7145161
GLOBAL,PWRTRNGUYXX,ELCGUYXX01,1,2039,S1D2,2.7145161
GLOBAL,PWRTRNGUYXX,ELCGUYXX01,1,2039,S1D3,3.2080645
GLOBAL,PWRTRNGUYXX,ELCGUYXX01,1,2039,S2D4,3.6428571
GLOBAL,PWRTRNGUYXX,ELCGUYXX01,1,2039,S2D1,2.6714286
GLOBAL,PWRTRNGUYXX,ELCGUYXX01,1,2039,S2D2,2.6714286
GLOBAL,PWRTRNGUYXX,ELCGUYXX01,1,2039,S2D3,3.1571429
GLOBAL,PWRTRNGUYXX,ELCGUYXX01,1,2040,S1D4,3.4548387
GLOBAL,PWRTRNGUYXX,ELCGUYXX01,1,2040,S1D1,2.7145161
GLOBAL,PWRTRNGUYXX,ELCGUYXX01,1,2040,S1D2,2.7145161
GLOBAL,PWRTRNGUYXX,ELCGUYXX01,1,2040,S1D3,3.2080645
GLOBAL,PWRTRNGUYXX,ELCGUYXX01,1,2040,S2D4,3.6428571
GLOBAL,PWRTRNGUYXX,ELCGUYXX01,1,2040,S2D1,2.6714286
GLOBAL,PWRTRNGUYXX,ELCGUYXX01,1,2040,S2D2,2.6714286
GLOBAL,PWRTRNGUYXX,ELCGUYXX01,1,2040,S2D3,3.1571429
GLOBAL,PWRTRNGUYXX,ELCGUYXX01,1,2041,S1D4,3.4774194
GLOBAL,PWRTRNGUYXX,ELCGUYXX01,1,2041,S1D1,2.7322581
GLOBAL,PWRTRNGUYXX,ELCGUYXX01,1,2041,S1D2,2.7322581
GLOBAL,PWRTRNGUYXX,ELCGUYXX01,1,2041,S1D3,3.2290323
GLOBAL,PWRTRNGUYXX,ELCGUYXX01,1,2041,S2D4,3.6666667
GLOBAL,PWRTRNGUYXX,ELCGUYXX01,1,2041,S2D1,2.6888889
GLOBAL,PWRTRNGUYXX,ELCGUYXX01,1,2041,S2D2,2.6888889
GLOBAL,PWRTRNGUYXX,ELCGUYXX01,1,2041,S2D3,3.1777778
GLOBAL,PWRTRNGUYXX,ELCGUYXX01,1,2042,S1D4,3.5
GLOBAL,PWRTRNGUYXX,ELCGUYXX01,1,2042,S1D1,2.75
GLOBAL,PWRTRNGUYXX,ELCGUYXX01,1,2042,S1D2,2.75
GLOBAL,PWRTRNGUYXX,ELCGUYXX01,1,2042,S1D3,3.25
GLOBAL,PWRTRNGUYXX,ELCGUYXX01,1,2042,S2D4,3.6904762
GLOBAL,PWRTRNGUYXX,ELCGUYXX01,1,2042,S2D1,2.7063492
GLOBAL,PWRTRNGUYXX,ELCGUYXX01,1,2042,S2D2,2.7063492
GLOBAL,PWRTRNGUYXX,ELCGUYXX01,1,2042,S2D3,3.1984127
GLOBAL,PWRTRNGUYXX,ELCGUYXX01,1,2043,S1D4,3.533871
GLOBAL,PWRTRNGUYXX,ELCGUYXX01,1,2043,S1D1,2.7766129
GLOBAL,PWRTRNGUYXX,ELCGUYXX01,1,2043,S1D2,2.7766129
GLOBAL,PWRTRNGUYXX,ELCGUYXX01,1,2043,S1D3,3.2814516
GLOBAL,PWRTRNGUYXX,ELCGUYXX01,1,2043,S2D4,3.7261905
GLOBAL,PWRTRNGUYXX,ELCGUYXX01,1,2043,S2D1,2.7325397
GLOBAL,PWRTRNGUYXX,ELCGUYXX01,1,2043,S2D2,2.7325397
GLOBAL,PWRTRNGUYXX,ELCGUYXX01,1,2043,S2D3,3.2293651
GLOBAL,PWRTRNGUYXX,ELCGUYXX01,1,2044,S1D4,3.5564516
GLOBAL,PWRTRNGUYXX,ELCGUYXX01,1,2044,S1D1,2.7943548
GLOBAL,PWRTRNGUYXX,ELCGUYXX01,1,2044,S1D2,2.7943548
GLOBAL,PWRTRNGUYXX,ELCGUYXX01,1,2044,S1D3,3.3024194
GLOBAL,PWRTRNGUYXX,ELCGUYXX01,1,2044,S2D4,3.75
GLOBAL,PWRTRNGUYXX,ELCGUYXX01,1,2044,S2D1,2.75
GLOBAL,PWRTRNGUYXX,ELCGUYXX01,1,2044,S2D2,2.75
GLOBAL,PWRTRNGUYXX,ELCGUYXX01,1,2044,S2D3,3.25
GLOBAL,PWRTRNGUYXX,ELCGUYXX01,1,2045,S1D4,3.5790323
GLOBAL,PWRTRNGUYXX,ELCGUYXX01,1,2045,S1D1,2.8120968
GLOBAL,PWRTRNGUYXX,ELCGUYXX01,1,2045,S1D2,2.8120968
GLOBAL,PWRTRNGUYXX,ELCGUYXX01,1,2045,S1D3,3.3233871
GLOBAL,PWRTRNGUYXX,ELCGUYXX01,1,2045,S2D4,3.7738095
GLOBAL,PWRTRNGUYXX,ELCGUYXX01,1,2045,S2D1,2.7674603
GLOBAL,PWRTRNGUYXX,ELCGUYXX01,1,2045,S2D2,2.7674603
GLOBAL,PWRTRNGUYXX,ELCGUYXX01,1,2045,S2D3,3.2706349
GLOBAL,PWRTRNGUYXX,ELCGUYXX01,1,2046,S1D4,3.7145161
GLOBAL,PWRTRNGUYXX,ELCGUYXX01,1,2046,S1D1,2.9185484
GLOBAL,PWRTRNGUYXX,ELCGUYXX01,1,2046,S1D2,2.9185484
GLOBAL,PWRTRNGUYXX,ELCGUYXX01,1,2046,S1D3,3.4491935
GLOBAL,PWRTRNGUYXX,ELCGUYXX01,1,2046,S2D4,3.9166667
GLOBAL,PWRTRNGUYXX,ELCGUYXX01,1,2046,S2D1,2.8722222
GLOBAL,PWRTRNGUYXX,ELCGUYXX01,1,2046,S2D2,2.8722222
GLOBAL,PWRTRNGUYXX,ELCGUYXX01,1,2046,S2D3,3.3944444
GLOBAL,PWRTRNGUYXX,ELCGUYXX01,1,2047,S1D4,3.8387097
GLOBAL,PWRTRNGUYXX,ELCGUYXX01,1,2047,S1D1,3.016129
GLOBAL,PWRTRNGUYXX,ELCGUYXX01,1,2047,S1D2,3.016129
GLOBAL,PWRTRNGUYXX,ELCGUYXX01,1,2047,S1D3,3.5645161
GLOBAL,PWRTRNGUYXX,ELCGUYXX01,1,2047,S2D4,4.047619
GLOBAL,PWRTRNGUYXX,ELCGUYXX01,1,2047,S2D1,2.968254
GLOBAL,PWRTRNGUYXX,ELCGUYXX01,1,2047,S2D2,2.968254
GLOBAL,PWRTRNGUYXX,ELCGUYXX01,1,2047,S2D3,3.5079365
GLOBAL,PWRTRNGUYXX,ELCGUYXX01,1,2048,S1D4,3.9629032
GLOBAL,PWRTRNGUYXX,ELCGUYXX01,1,2048,S1D1,3.1137097
GLOBAL,PWRTRNGUYXX,ELCGUYXX01,1,2048,S1D2,3.1137097
GLOBAL,PWRTRNGUYXX,ELCGUYXX01,1,2048,S1D3,3.6798387
GLOBAL,PWRTRNGUYXX,ELCGUYXX01,1,2048,S2D4,4.1785714
GLOBAL,PWRTRNGUYXX,ELCGUYXX01,1,2048,S2D1,3.0642857
GLOBAL,PWRTRNGUYXX,ELCGUYXX01,1,2048,S2D2,3.0642857
GLOBAL,PWRTRNGUYXX,ELCGUYXX01,1,2048,S2D3,3.6214286
GLOBAL,PWRTRNGUYXX,ELCGUYXX01,1,2049,S1D4,4.0983871
GLOBAL,PWRTRNGUYXX,ELCGUYXX01,1,2049,S1D1,3.2201613
GLOBAL,PWRTRNGUYXX,ELCGUYXX01,1,2049,S1D2,3.2201613
GLOBAL,PWRTRNGUYXX,ELCGUYXX01,1,2049,S1D3,3.8056452
GLOBAL,PWRTRNGUYXX,ELCGUYXX01,1,2049,S2D4,4.3214286
GLOBAL,PWRTRNGUYXX,ELCGUYXX01,1,2049,S2D1,3.1690476
GLOBAL,PWRTRNGUYXX,ELCGUYXX01,1,2049,S2D2,3.1690476
GLOBAL,PWRTRNGUYXX,ELCGUYXX01,1,2049,S2D3,3.7452381
GLOBAL,PWRTRNGUYXX,ELCGUYXX01,1,2050,S1D4,4.2225806
GLOBAL,PWRTRNGUYXX,ELCGUYXX01,1,2050,S1D1,3.3177419
GLOBAL,PWRTRNGUYXX,ELCGUYXX01,1,2050,S1D2,3.3177419
GLOBAL,PWRTRNGUYXX,ELCGUYXX01,1,2050,S1D3,3.9209677
GLOBAL,PWRTRNGUYXX,ELCGUYXX01,1,2050,S2D4,4.452381
GLOBAL,PWRTRNGUYXX,ELCGUYXX01,1,2050,S2D1,3.2650794
GLOBAL,PWRTRNGUYXX,ELCGUYXX01,1,2050,S2D2,3.2650794
GLOBAL,PWRTRNGUYXX,ELCGUYXX01,1,2050,S2D3,3.8587302
GLOBAL,PWRWONGUYXX01,WONGUYXX,1,2021,S1D4,0.077616403
GLOBAL,PWRWONGUYXX01,WONGUYXX,1,2021,S1D1,0.052141622
GLOBAL,PWRWONGUYXX01,WONGUYXX,1,2021,S1D2,0.049095245
GLOBAL,PWRWONGUYXX01,WONGUYXX,1,2021,S1D3,0.058430277
GLOBAL,PWRWONGUYXX01,WONGUYXX,1,2021,S2D4,0.045386611
GLOBAL,PWRWONGUYXX01,WONGUYXX,1,2021,S2D1,0.040574218
GLOBAL,PWRWONGUYXX01,WONGUYXX,1,2021,S2D2,0.038322547
GLOBAL,PWRWONGUYXX01,WONGUYXX,1,2021,S2D3,0.060839251
GLOBAL,PWRWONGUYXX01,WONGUYXX,1,2022,S1D4,0.077616403
GLOBAL,PWRWONGUYXX01,WONGUYXX,1,2022,S1D1,0.052141622
GLOBAL,PWRWONGUYXX01,WONGUYXX,1,2022,S1D2,0.049095245
GLOBAL,PWRWONGUYXX01,WONGUYXX,1,2022,S1D3,0.058430277
GLOBAL,PWRWONGUYXX01,WONGUYXX,1,2022,S2D4,0.045386611
GLOBAL,PWRWONGUYXX01,WONGUYXX,1,2022,S2D1,0.040574218
GLOBAL,PWRWONGUYXX01,WONGUYXX,1,2022,S2D2,0.038322547
GLOBAL,PWRWONGUYXX01,WONGUYXX,1,2022,S2D3,0.060839251
GLOBAL,PWRWONGUYXX01,WONGUYXX,1,2023,S1D4,0.077616403
GLOBAL,PWRWONGUYXX01,WONGUYXX,1,2023,S1D1,0.052141622
GLOBAL,PWRWONGUYXX01,WONGUYXX,1,2023,S1D2,0.049095245
GLOBAL,PWRWONGUYXX01,WONGUYXX,1,2023,S1D3,0.058430277
GLOBAL,PWRWONGUYXX01,WONGUYXX,1,2023,S2D4,0.045386611
GLOBAL,PWRWONGUYXX01,WONGUYXX,1,2023,S2D1,0.040574218
GLOBAL,PWRWONGUYXX01,WONGUYXX,1,2023,S2D2,0.038322547
GLOBAL,PWRWONGUYXX01,WONGUYXX,1,2023,S2D3,0.060839251
GLOBAL,PWRWONGUYXX01,WONGUYXX,1,2024,S1D4,0.077616403
GLOBAL,PWRWONGUYXX01,WONGUYXX,1,2024,S1D1,0.052141622
GLOBAL,PWRWONGUYXX01,WONGUYXX,1,2024,S1D2,0.049095245
GLOBAL,PWRWONGUYXX01,WONGUYXX,1,2024,S1D3,0.058430277
GLOBAL,PWRWONGUYXX01,WONGUYXX,1,2024,S2D4,0.045386611
GLOBAL,PWRWONGUYXX01,WONGUYXX,1,2024,S2D1,0.040574218
GLOBAL,PWRWONGUYXX01,WONGUYXX,1,2024,S2D2,0.038322547
GLOBAL,PWRWONGUYXX01,WONGUYXX,1,2024,S2D3,0.060839251
GLOBAL,PWRWONGUYXX01,WONGUYXX,1,2025,S1D4,0.077616403
GLOBAL,PWRWONGUYXX01,WONGUYXX,1,2025,S1D1,0.052141622
GLOBAL,PWRWONGUYXX01,WONGUYXX,1,2025,S1D2,0.049095245
GLOBAL,PWRWONGUYXX01,WONGUYXX,1,2025,S1D3,0.058430277
GLOBAL,PWRWONGUYXX01,WONGUYXX,1,2025,S2D4,0.045386611
GLOBAL,PWRWONGUYXX01,WONGUYXX,1,2025,S2D1,0.040574218
GLOBAL,PWRWONGUYXX01,WONGUYXX,1,2025,S2D2,0.038322547
GLOBAL,PWRWONGUYXX01,WONGUYXX,1,2025,S2D3,0.060839251
GLOBAL,PWRWONGUYXX01,WONGUYXX,1,2026,S1D4,0.077616403
GLOBAL,PWRWONGUYXX01,WONGUYXX,1,2026,S1D1,0.052141622
GLOBAL,PWRWONGUYXX01,WONGUYXX,1,2026,S1D2,0.049095245
GLOBAL,PWRWONGUYXX01,WONGUYXX,1,2026,S1D3,0.058430277
GLOBAL,PWRWONGUYXX01,WONGUYXX,1,2026,S2D4,0.045386611
GLOBAL,PWRWONGUYXX01,WONGUYXX,1,2026,S2D1,0.040574218
GLOBAL,PWRWONGUYXX01,WONGUYXX,1,2026,S2D2,0.038322547
GLOBAL,PWRWONGUYXX01,WONGUYXX,1,2026,S2D3,0.060839251
GLOBAL,PWRWONGUYXX01,WONGUYXX,1,2027,S1D4,0.077616403
GLOBAL,PWRWONGUYXX01,WONGUYXX,1,2027,S1D1,0.052141622
GLOBAL,PWRWONGUYXX01,WONGUYXX,1,2027,S1D2,0.049095245
GLOBAL,PWRWONGUYXX01,WONGUYXX,1,2027,S1D3,0.058430277
GLOBAL,PWRWONGUYXX01,WONGUYXX,1,2027,S2D4,0.045386611
GLOBAL,PWRWONGUYXX01,WONGUYXX,1,2027,S2D1,0.040574218
GLOBAL,PWRWONGUYXX01,WONGUYXX,1,2027,S2D2,0.038322547
GLOBAL,PWRWONGUYXX01,WONGUYXX,1,2027,S2D3,0.060839251
GLOBAL,PWRWONGUYXX01,WONGUYXX,1,2028,S1D4,0.077616403
GLOBAL,PWRWONGUYXX01,WONGUYXX,1,2028,S1D1,0.052141622
GLOBAL,PWRWONGUYXX01,WONGUYXX,1,2028,S1D2,0.049095245
GLOBAL,PWRWONGUYXX01,WONGUYXX,1,2028,S1D3,0.058430277
GLOBAL,PWRWONGUYXX01,WONGUYXX,1,2028,S2D4,0.045386611
GLOBAL,PWRWONGUYXX01,WONGUYXX,1,2028,S2D1,0.040574218
GLOBAL,PWRWONGUYXX01,WONGUYXX,1,2028,S2D2,0.038322547
GLOBAL,PWRWONGUYXX01,WONGUYXX,1,2028,S2D3,0.060839251
GLOBAL,PWRWONGUYXX01,WONGUYXX,1,2029,S1D4,0.077616403
GLOBAL,PWRWONGUYXX01,WONGUYXX,1,2029,S1D1,0.052141622
GLOBAL,PWRWONGUYXX01,WONGUYXX,1,2029,S1D2,0.049095245
GLOBAL,PWRWONGUYXX01,WONGUYXX,1,2029,S1D3,0.058430277
GLOBAL,PWRWONGUYXX01,WONGUYXX,1,2029,S2D4,0.045386611
GLOBAL,PWRWONGUYXX01,WONGUYXX,1,2029,S2D1,0.040574218
GLOBAL,PWRWONGUYXX01,WONGUYXX,1,2029,S2D2,0.038322547
GLOBAL,PWRWONGUYXX01,WONGUYXX,1,2029,S2D3,0.060839251
GLOBAL,PWRWONGUYXX01,WONGUYXX,1,2030,S1D4,0.077616403
GLOBAL,PWRWONGUYXX01,WONGUYXX,1,2030,S1D1,0.052141622
GLOBAL,PWRWONGUYXX01,WONGUYXX,1,2030,S1D2,0.049095245
GLOBAL,PWRWONGUYXX01,WONGUYXX,1,2030,S1D3,0.10569606
GLOBAL,PWRWONGUYXX01,WONGUYXX,1,2030,S2D4,0.045386611
GLOBAL,PWRWONGUYXX01,WONGUYXX,1,2030,S2D1,0.040574218
GLOBAL,PWRWONGUYXX01,WONGUYXX,1,2030,S2D2,0.038322547
GLOBAL,PWRWONGUYXX01,WONGUYXX,1,2030,S2D3,0.014323721
GLOBAL,PWRWONGUYXX01,WONGUYXX,1,2031,S1D4,0.077616403
GLOBAL,PWRWONGUYXX01,WONGUYXX,1,2031,S1D1,0.052141622
GLOBAL,PWRWONGUYXX01,WONGUYXX,1,2031,S1D2,0.049095245
GLOBAL,PWRWONGUYXX01,WONGUYXX,1,2031,S1D3,0.10569606
GLOBAL,PWRWONGUYXX01,WONGUYXX,1,2031,S2D4,0.045386611
GLOBAL,PWRWONGUYXX01,WONGUYXX,1,2031,S2D1,0.040574218
GLOBAL,PWRWONGUYXX01,WONGUYXX,1,2031,S2D2,0.038322547
GLOBAL,PWRWONGUYXX01,WONGUYXX,1,2031,S2D3,0.014323721
GLOBAL,PWRWONGUYXX01,WONGUYXX,1,2032,S1D4,0.077616403
GLOBAL,PWRWONGUYXX01,WONGUYXX,1,2032,S1D1,0.052141622
GLOBAL,PWRWONGUYXX01,WONGUYXX,1,2032,S1D2,0.049095245
GLOBAL,PWRWONGUYXX01,WONGUYXX,1,2032,S1D3,0.10569606
GLOBAL,PWRWONGUYXX01,WONGUYXX,1,2032,S2D4,0.045386611
GLOBAL,PWRWONGUYXX01,WONGUYXX,1,2032,S2D1,0.040574218
GLOBAL,PWRWONGUYXX01,WONGUYXX,1,2032,S2D2,0.038322547
GLOBAL,PWRWONGUYXX01,WONGUYXX,1,2032,S2D3,0.014323721
GLOBAL,PWRWONGUYXX01,WONGUYXX,1,2033,S1D4,0.077616403
GLOBAL,PWRWONGUYXX01,WONGUYXX,1,2033,S1D1,0.052141622
GLOBAL,PWRWONGUYXX01,WONGUYXX,1,2033,S1D2,0.049095245
GLOBAL,PWRWONGUYXX01,WONGUYXX,1,2033,S1D3,0.10569606
GLOBAL,PWRWONGUYXX01,WONGUYXX,1,2033,S2D4,0.045386611
GLOBAL,PWRWONGUYXX01,WONGUYXX,1,2033,S2D1,0.040574218
GLOBAL,PWRWONGUYXX01,WONGUYXX,1,2033,S2D2,0.038322547
GLOBAL,PWRWONGUYXX01,WONGUYXX,1,2033,S2D3,0.014323721
GLOBAL,PWRWONGUYXX01,WONGUYXX,1,2034,S1D4,0.077616403
GLOBAL,PWRWONGUYXX01,WONGUYXX,1,2034,S1D1,0.052141622
GLOBAL,PWRWONGUYXX01,WONGUYXX,1,2034,S1D2,0.049095245
GLOBAL,PWRWONGUYXX01,WONGUYXX,1,2034,S1D3,0.10569606
GLOBAL,PWRWONGUYXX01,WONGUYXX,1,2034,S2D4,0.045386611
GLOBAL,PWRWONGUYXX01,WONGUYXX,1,2034,S2D1,0.040574218
GLOBAL,PWRWONGUYXX01,WONGUYXX,1,2034,S2D2,0.038322547
GLOBAL,PWRWONGUYXX01,WONGUYXX,1,2034,S2D3,0.014323721
GLOBAL,PWRWONGUYXX01,WONGUYXX,1,2035,S1D4,0.077616403
GLOBAL,PWRWONGUYXX01,WONGUYXX,1,2035,S1D1,0.052141622
GLOBAL,PWRWONGUYXX01,WONGUYXX,1,2035,S1D2,0.049095245
GLOBAL,PWRWONGUYXX01,WONGUYXX,1,2035,S1D3,0.10569606
GLOBAL,PWRWONGUYXX01,WONGUYXX,1,2035,S2D4,0.045386611
GLOBAL,PWRWONGUYXX01,WONGUYXX,1,2035,S2D1,0.040574218
GLOBAL,PWRWONGUYXX01,WONGUYXX,1,2035,S2D2,0.038322547
GLOBAL,PWRWONGUYXX01,WONGUYXX,1,2035,S2D3,0.014323721
GLOBAL,PWRWONGUYXX01,WONGUYXX,1,2036,S1D4,0.077616403
GLOBAL,PWRWONGUYXX01,WONGUYXX,1,2036,S1D1,0.052141622
GLOBAL,PWRWONGUYXX01,WONGUYXX,1,2036,S1D2,0.049095245
GLOBAL,PWRWONGUYXX01,WONGUYXX,1,2036,S1D3,0.10569606
GLOBAL,PWRWONGUYXX01,WONGUYXX,1,2036,S2D4,0.045386611
GLOBAL,PWRWONGUYXX01,WONGUYXX,1,2036,S2D1,0.040574218
GLOBAL,PWRWONGUYXX01,WONGUYXX,1,2036,S2D2,0.038322547
GLOBAL,PWRWONGUYXX01,WONGUYXX,1,2036,S2D3,0.014323721
GLOBAL,PWRWONGUYXX01,WONGUYXX,1,2037,S1D4,0.077616403
GLOBAL,PWRWONGUYXX01,WONGUYXX,1,2037,S1D1,0.052141622
GLOBAL,PWRWONGUYXX01,WONGUYXX,1,2037,S1D2,0.049095245
GLOBAL,PWRWONGUYXX01,WONGUYXX,1,2037,S1D3,0.10569606
GLOBAL,PWRWONGUYXX01,WONGUYXX,1,2037,S2D4,0.045386611
GLOBAL,PWRWONGUYXX01,WONGUYXX,1,2037,S2D1,0.040574218
GLOBAL,PWRWONGUYXX01,WONGUYXX,1,2037,S2D2,0.038322547
GLOBAL,PWRWONGUYXX01,WONGUYXX,1,2037,S2D3,0.014323721
GLOBAL,PWRWONGUYXX01,WONGUYXX,1,2038,S1D4,0.077616403
GLOBAL,PWRWONGUYXX01,WONGUYXX,1,2038,S1D1,0.052141622
GLOBAL,PWRWONGUYXX01,WONGUYXX,1,2038,S1D2,0.049095245
GLOBAL,PWRWONGUYXX01,WONGUYXX,1,2038,S1D3,0.10569606
GLOBAL,PWRWONGUYXX01,WONGUYXX,1,2038,S2D4,0.045386611
GLOBAL,PWRWONGUYXX01,WONGUYXX,1,2038,S2D1,0.040574218
GLOBAL,PWRWONGUYXX01,WONGUYXX,1,2038,S2D2,0.038322547
GLOBAL,PWRWONGUYXX01,WONGUYXX,1,2038,S2D3,0.014323721
GLOBAL,PWRWONGUYXX01,WONGUYXX,1,2039,S1D4,0.077616403
GLOBAL,PWRWONGUYXX01,WONGUYXX,1,2039,S1D1,0.052141622
GLOBAL,PWRWONGUYXX01,WONGUYXX,1,2039,S1D2,0.049095245
GLOBAL,PWRWONGUYXX01,WONGUYXX,1,2039,S1D3,0.058430277
GLOBAL,PWRWONGUYXX01,WONGUYXX,1,2039,S2D4,0.045386611
GLOBAL,PWRWONGUYXX01,WONGUYXX,1,2039,S2D1,0.040574218
GLOBAL,PWRWONGUYXX01,WONGUYXX,1,2039,S2D2,0.038322547
GLOBAL,PWRWONGUYXX01,WONGUYXX,1,2039,S2D3,0.060839251
