REGION,TIMESLICE,TECHNOLOGY,FUEL,YEAR,VALUE
GLOBAL,S1D1,MINGASINT,GASINT,2021,2.0904014
GLOBAL,S1D1,MINGASINT,GASINT,2022,2.0904014
GLOBAL,S1D1,MINGASINT,GASINT,2023,2.0904014
GLOBAL,S1D1,MINGASINT,GASINT,2024,2.0904014
GLOBAL,S1D1,MINGASINT,GASINT,2025,2.0904014
GLOBAL,S1D1,MINGASINT,GASINT,2026,2.0904014
GLOBAL,S1D1,MINGASINT,GASINT,2027,2.0904014
GLOBAL,S1D1,MINGASINT,GASINT,2028,1.7162945
GLOBAL,S1D1,MINGASINT,GASINT,2029,1.7162945
GLOBAL,S1D1,MINGASINT,GASINT,2030,2.0904014
GLOBAL,S1D1,MINGASINT,GASINT,2031,2.0904014
GLOBAL,S1D1,MINGASINT,GASINT,2032,2.0904014
GLOBAL,S1D1,MINGASINT,GASINT,2033,2.0904014
GLOBAL,S1D1,MINGASINT,GASINT,2034,2.0904014
GLOBAL,S1D1,MINGASINT,GASINT,2035,2.0904014
GLOBAL,S1D1,MINGASINT,GASINT,2036,2.0904014
GLOBAL,S1D1,MINGASINT,GASINT,2037,2.0904014
GLOBAL,S1D1,MINGASINT,GASINT,2038,2.0904014
GLOBAL,S1D1,MINGASINT,GASINT,2039,2.6623745
GLOBAL,S1D1,MINGASINT,GASINT,2040,2.7145161
GLOBAL,S1D1,MINGASINT,GASINT,2041,2.7322581
GLOBAL,S1D1,MINGASINT,GASINT,2042,2.75
GLOBAL,S1D1,MINGASINT,GASINT,2043,2.7766129
GLOBAL,S1D1,MINGASINT,GASINT,2044,2.7943548
GLOBAL,S1D1,MINGASINT,GASINT,2045,2.8120968
GLOBAL,S1D1,MINGASINT,GASINT,2046,2.9185484
GLOBAL,S1D1,MINGASINT,GASINT,2047,3.016129
GLOBAL,S1D1,MINGASINT,GASINT,2048,3.1137097
GLOBAL,S1D1,MINGASINT,GASINT,2049,3.2201613
GLOBAL,S1D1,MINGASINT,GASINT,2050,3.3177419
GLOBAL,S1D1,PWRBIOGUYXX01,ELCGUYXX01,2021,0.5719731
GLOBAL,S1D1,PWRBIOGUYXX01,ELCGUYXX01,2022,0.5719731
GLOBAL,S1D1,PWRBIOGUYXX01,ELCGUYXX01,2023,0.5719731
GLOBAL,S1D1,PWRBIOGUYXX01,ELCGUYXX01,2024,0.5719731
GLOBAL,S1D1,PWRBIOGUYXX01,ELCGUYXX01,2025,0.5719731
GLOBAL,S1D1,PWRBIOGUYXX01,ELCGUYXX01,2026,0.5719731
GLOBAL,S1D1,PWRBIOGUYXX01,ELCGUYXX01,2027,0.5719731
GLOBAL,S1D1,PWRBIOGUYXX01,ELCGUYXX01,2028,0.94608
GLOBAL,S1D1,PWRBIOGUYXX01,ELCGUYXX01,2029,0.94608
GLOBAL,S1D1,PWRBIOGUYXX01,ELCGUYXX01,2030,0.5719731
GLOBAL,S1D1,PWRBIOGUYXX01,ELCGUYXX01,2031,0.5719731
GLOBAL,S1D1,PWRBIOGUYXX01,ELCGUYXX01,2032,0.5719731
GLOBAL,S1D1,PWRBIOGUYXX01,ELCGUYXX01,2033,0.5719731
GLOBAL,S1D1,PWRBIOGUYXX01,ELCGUYXX01,2034,0.5719731
GLOBAL,S1D1,PWRBIOGUYXX01,ELCGUYXX01,2035,0.5719731
GLOBAL,S1D1,PWRBIOGUYXX01,ELCGUYXX01,2036,0.5719731
GLOBAL,S1D1,PWRBIOGUYXX01,ELCGUYXX01,2037,0.5719731
GLOBAL,S1D1,PWRBIOGUYXX01,ELCGUYXX01,2038,0.5719731
GLOBAL,S1D1,PWRCCGGUYXX01,ELCGUYXX01,2021,2.0904014
GLOBAL,S1D1,PWRCCGGUYXX01,ELCGUYXX01,2022,2.0904014
GLOBAL,S1D1,PWRCCGGUYXX01,ELCGUYXX01,2023,2.0904014
GLOBAL,S1D1,PWRCCGGUYXX01,ELCGUYXX01,2024,2.0904014
GLOBAL,S1D1,PWRCCGGUYXX01,ELCGUYXX01,2025,2.0904014
GLOBAL,S1D1,PWRCCGGUYXX01,ELCGUYXX01,2026,2.0904014
GLOBAL,S1D1,PWRCCGGUYXX01,ELCGUYXX01,2027,2.0904014
GLOBAL,S1D1,PWRCCGGUYXX01,ELCGUYXX01,2028,1.7162945
GLOBAL,S1D1,PWRCCGGUYXX01,ELCGUYXX01,2029,1.7162945
GLOBAL,S1D1,PWRCCGGUYXX01,ELCGUYXX01,2030,2.0904014
GLOBAL,S1D1,PWRCCGGUYXX01,ELCGUYXX01,2031,2.0904014
GLOBAL,S1D1,PWRCCGGUYXX01,ELCGUYXX01,2032,2.0904014
GLOBAL,S1D1,PWRCCGGUYXX01,ELCGUYXX01,2033,2.0904014
GLOBAL,S1D1,PWRCCGGUYXX01,ELCGUYXX01,2034,2.0904014
GLOBAL,S1D1,PWRCCGGUYXX01,ELCGUYXX01,2035,2.0904014
GLOBAL,S1D1,PWRCCGGUYXX01,ELCGUYXX01,2036,2.0904014
GLOBAL,S1D1,PWRCCGGUYXX01,ELCGUYXX01,2037,2.0904014
GLOBAL,S1D1,PWRCCGGUYXX01,ELCGUYXX01,2038,2.0904014
GLOBAL,S1D1,PWRCCGGUYXX01,ELCGUYXX01,2039,2.6623745
GLOBAL,S1D1,PWRCCGGUYXX01,ELCGUYXX01,2040,2.7145161
GLOBAL,S1D1,PWRCCGGUYXX01,ELCGUYXX01,2041,2.7322581
GLOBAL,S1D1,PWRCCGGUYXX01,ELCGUYXX01,2042,2.75
GLOBAL,S1D1,PWRCCGGUYXX01,ELCGUYXX01,2043,2.7766129
GLOBAL,S1D1,PWRCCGGUYXX01,ELCGUYXX01,2044,2.7943548
GLOBAL,S1D1,PWRCCGGUYXX01,ELCGUYXX01,2045,2.8120968
GLOBAL,S1D1,PWRCCGGUYXX01,ELCGUYXX01,2046,2.9185484
GLOBAL,S1D1,PWRCCGGUYXX01,ELCGUYXX01,2047,3.016129
GLOBAL,S1D1,PWRCCGGUYXX01,ELCGUYXX01,2048,3.1137097
GLOBAL,S1D1,PWRCCGGUYXX01,ELCGUYXX01,2049,3.2201613
GLOBAL,S1D1,PWRCCGGUYXX01,ELCGUYXX01,2050,3.3177419
GLOBAL,S1D1,PWRCCGGUYXX01,GASINT,2021,2.0904014
GLOBAL,S1D1,PWRCCGGUYXX01,GASINT,2022,2.0904014
GLOBAL,S1D1,PWRCCGGUYXX01,GASINT,2023,2.0904014
GLOBAL,S1D1,PWRCCGGUYXX01,GASINT,2024,2.0904014
GLOBAL,S1D1,PWRCCGGUYXX01,GASINT,2025,2.0904014
GLOBAL,S1D1,PWRCCGGUYXX01,GASINT,2026,2.0904014
GLOBAL,S1D1,PWRCCGGUYXX01,GASINT,2027,2.0904014
GLOBAL,S1D1,PWRCCGGUYXX01,GASINT,2028,1.7162945
GLOBAL,S1D1,PWRCCGGUYXX01,GASINT,2029,1.7162945
GLOBAL,S1D1,PWRCCGGUYXX01,GASINT,2030,2.0904014
GLOBAL,S1D1,PWRCCGGUYXX01,GASINT,2031,2.0904014
GLOBAL,S1D1,PWRCCGGUYXX01,GASINT,2032,2.0904014
GLOBAL,S1D1,PWRCCGGUYXX01,GASINT,2033,2.0904014
GLOBAL,S1D1,PWRCCGGUYXX01,GASINT,2034,2.0904014
GLOBAL,S1D1,PWRCCGGUYXX01,GASINT,2035,2.0904014
GLOBAL,S1D1,PWRCCGGUYXX01,GASINT,2036,2.0904014
GLOBAL,S1D1,PWRCCGGUYXX01,GASINT,2037,2.0904014
GLOBAL,S1D1,PWRCCGGUYXX01,GASINT,2038,2.0904014
GLOBAL,S1D1,PWRCCGGUYXX01,GASINT,2039,2.6623745
GLOBAL,S1D1,PWRCCGGUYXX01,GASINT,2040,2.7145161
GLOBAL,S1D1,PWRCCGGUYXX01,GASINT,2041,2.7322581
GLOBAL,S1D1,PWRCCGGUYXX01,GASINT,2042,2.75
GLOBAL,S1D1,PWRCCGGUYXX01,GASINT,2043,2.7766129
GLOBAL,S1D1,PWRCCGGUYXX01,GASINT,2044,2.7943548
GLOBAL,S1D1,PWRCCGGUYXX01,GASINT,2045,2.8120968
GLOBAL,S1D1,PWRCCGGUYXX01,GASINT,2046,2.9185484
GLOBAL,S1D1,PWRCCGGUYXX01,GASINT,2047,3.016129
GLOBAL,S1D1,PWRCCGGUYXX01,GASINT,2048,3.1137097
GLOBAL,S1D1,PWRCCGGUYXX01,GASINT,2049,3.2201613
GLOBAL,S1D1,PWRCCGGUYXX01,GASINT,2050,3.3177419
GLOBAL,S1D1,PWRTRNGUYXX,ELCGUYXX02,2021,2.7145161
GLOBAL,S1D1,PWRTRNGUYXX,ELCGUYXX02,2022,2.7145161
GLOBAL,S1D1,PWRTRNGUYXX,ELCGUYXX02,2023,2.7145161
GLOBAL,S1D1,PWRTRNGUYXX,ELCGUYXX02,2024,2.7145161
GLOBAL,S1D1,PWRTRNGUYXX,ELCGUYXX02,2025,2.7145161
GLOBAL,S1D1,PWRTRNGUYXX,ELCGUYXX02,2026,2.7145161
GLOBAL,S1D1,PWRTRNGUYXX,ELCGUYXX02,2027,2.7145161
GLOBAL,S1D1,PWRTRNGUYXX,ELCGUYXX02,2028,2.7145161
GLOBAL,S1D1,PWRTRNGUYXX,ELCGUYXX02,2029,2.7145161
GLOBAL,S1D1,PWRTRNGUYXX,ELCGUYXX02,2030,2.7145161
GLOBAL,S1D1,PWRTRNGUYXX,ELCGUYXX02,2031,2.7145161
GLOBAL,S1D1,PWRTRNGUYXX,ELCGUYXX02,2032,2.7145161
GLOBAL,S1D1,PWRTRNGUYXX,ELCGUYXX02,2033,2.7145161
GLOBAL,S1D1,PWRTRNGUYXX,ELCGUYXX02,2034,2.7145161
GLOBAL,S1D1,PWRTRNGUYXX,ELCGUYXX02,2035,2.7145161
GLOBAL,S1D1,PWRTRNGUYXX,ELCGUYXX02,2036,2.7145161
GLOBAL,S1D1,PWRTRNGUYXX,ELCGUYXX02,2037,2.7145161
GLOBAL,S1D1,PWRTRNGUYXX,ELCGUYXX02,2038,2.7145161
GLOBAL,S1D1,PWRTRNGUYXX,ELCGUYXX02,2039,2.7145161
GLOBAL,S1D1,PWRTRNGUYXX,ELCGUYXX02,2040,2.7145161
GLOBAL,S1D1,PWRTRNGUYXX,ELCGUYXX02,2041,2.7322581
GLOBAL,S1D1,PWRTRNGUYXX,ELCGUYXX02,2042,2.75
GLOBAL,S1D1,PWRTRNGUYXX,ELCGUYXX02,2043,2.7766129
GLOBAL,S1D1,PWRTRNGUYXX,ELCGUYXX02,2044,2.7943548
GLOBAL,S1D1,PWRTRNGUYXX,ELCGUYXX02,2045,2.8120968
GLOBAL,S1D1,PWRTRNGUYXX,ELCGUYXX02,2046,2.9185484
GLOBAL,S1D1,PWRTRNGUYXX,ELCGUYXX02,2047,3.016129
GLOBAL,S1D1,PWRTRNGUYXX,ELCGUYXX02,2048,3.1137097
GLOBAL,S1D1,PWRTRNGUYXX,ELCGUYXX02,2049,3.2201613
GLOBAL,S1D1,PWRTRNGUYXX,ELCGUYXX02,2050,3.3177419
GLOBAL,S1D1,PWRWONGUYXX01,ELCGUYXX01,2021,0.052141622
GLOBAL,S1D1,PWRWONGUYXX01,ELCGUYXX01,2022,0.052141622
GLOBAL,S1D1,PWRWONGUYXX01,ELCGUYXX01,2023,0.052141622
GLOBAL,S1D1,PWRWONGUYXX01,ELCGUYXX01,2024,0.052141622
GLOBAL,S1D1,PWRWONGUYXX01,ELCGUYXX01,2025,0.052141622
GLOBAL,S1D1,PWRWONGUYXX01,ELCGUYXX01,2026,0.052141622
GLOBAL,S1D1,PWRWONGUYXX01,ELCGUYXX01,2027,0.052141622
GLOBAL,S1D1,PWRWONGUYXX01,ELCGUYXX01,2028,0.052141622
GLOBAL,S1D1,PWRWONGUYXX01,ELCGUYXX01,2029,0.052141622
GLOBAL,S1D1,PWRWONGUYXX01,ELCGUYXX01,2030,0.052141622
GLOBAL,S1D1,PWRWONGUYXX01,ELCGUYXX01,2031,0.052141622
GLOBAL,S1D1,PWRWONGUYXX01,ELCGUYXX01,2032,0.052141622
GLOBAL,S1D1,PWRWONGUYXX01,ELCGUYXX01,2033,0.052141622
GLOBAL,S1D1,PWRWONGUYXX01,ELCGUYXX01,2034,0.052141622
GLOBAL,S1D1,PWRWONGUYXX01,ELCGUYXX01,2035,0.052141622
GLOBAL,S1D1,PWRWONGUYXX01,ELCGUYXX01,2036,0.052141622
GLOBAL,S1D1,PWRWONGUYXX01,ELCGUYXX01,2037,0.052141622
GLOBAL,S1D1,PWRWONGUYXX01,ELCGUYXX01,2038,0.052141622
GLOBAL,S1D1,PWRWONGUYXX01,ELCGUYXX01,2039,0.052141622
GLOBAL,S1D1,RNWBIOGUYXX,BIOGUYXX,2021,2.1105807
GLOBAL,S1D1,RNWBIOGUYXX,BIOGUYXX,2022,2.1105807
GLOBAL,S1D1,RNWBIOGUYXX,BIOGUYXX,2023,2.1105807
GLOBAL,S1D1,RNWBIOGUYXX,BIOGUYXX,2024,2.1105807
GLOBAL,S1D1,RNWBIOGUYXX,BIOGUYXX,2025,2.1105807
GLOBAL,S1D1,RNWBIOGUYXX,BIOGUYXX,2026,2.1105807
GLOBAL,S1D1,RNWBIOGUYXX,BIOGUYXX,2027,2.1105807
GLOBAL,S1D1,RNWBIOGUYXX,BIOGUYXX,2028,3.4910352
GLOBAL,S1D1,RNWBIOGUYXX,BIOGUYXX,2029,3.4910352
GLOBAL,S1D1,RNWBIOGUYXX,BIOGUYXX,2030,2.1105807
GLOBAL,S1D1,RNWBIOGUYXX,BIOGUYXX,2031,2.1105807
GLOBAL,S1D1,RNWBIOGUYXX,BIOGUYXX,2032,2.1105807
GLOBAL,S1D1,RNWBIOGUYXX,BIOGUYXX,2033,2.1105807
GLOBAL,S1D1,RNWBIOGUYXX,BIOGUYXX,2034,2.1105807
GLOBAL,S1D1,RNWBIOGUYXX,BIOGUYXX,2035,2.1105807
GLOBAL,S1D1,RNWBIOGUYXX,BIOGUYXX,2036,2.1105807
GLOBAL,S1D1,RNWBIOGUYXX,BIOGUYXX,2037,2.1105807
GLOBAL,S1D1,RNWBIOGUYXX,BIOGUYXX,2038,2.1105807
GLOBAL,S1D1,RNWWONGUYXX,WONGUYXX,2021,0.052141622
GLOBAL,S1D1,RNWWONGUYXX,WONGUYXX,2022,0.052141622
GLOBAL,S1D1,RNWWONGUYXX,WONGUYXX,2023,0.052141622
GLOBAL,S1D1,RNWWONGUYXX,WONGUYXX,2024,0.052141622
GLOBAL,S1D1,RNWWONGUYXX,WONGUYXX,2025,0.052141622
GLOBAL,S1D1,RNWWONGUYXX,WONGUYXX,2026,0.052141622
GLOBAL,S1D1,RNWWONGUYXX,WONGUYXX,2027,0.052141622
GLOBAL,S1D1,RNWWONGUYXX,WONGUYXX,2028,0.052141622
GLOBAL,S1D1,RNWWONGUYXX,WONGUYXX,2029,0.052141622
GLOBAL,S1D1,RNWWONGUYXX,WONGUYXX,2030,0.052141622
GLOBAL,S1D1,RNWWONGUYXX,WONGUYXX,2031,0.052141622
GLOBAL,S1D1,RNWWONGUYXX,WONGUYXX,2032,0.052141622
GLOBAL,S1D1,RNWWONGUYXX,WONGUYXX,2033,0.052141622
GLOBAL,S1D1,RNWWONGUYXX,WONGUYXX,2034,0.052141622
GLOBAL,S1D1,RNWWONGUYXX,WONGUYXX,2035,0.052141622
GLOBAL,S1D1,RNWWONGUYXX,WONGUYXX,2036,0.052141622
GLOBAL,S1D1,RNWWONGUYXX,WONGUYXX,2037,0.052141622
GLOBAL,S1D1,RNWWONGUYXX,WONGUYXX,2038,0.052141622
GLOBAL,S1D1,RNWWONGUYXX,WONGUYXX,2039,0.052141622
GLOBAL,S1D2,MINGASINT,GASINT,2021,1.9991146
GLOBAL,S1D2,MINGASINT,GASINT,2022,1.9991146
GLOBAL,S1D2,MINGASINT,GASINT,2023,1.9504189
GLOBAL,S1D2,MINGASINT,GASINT,2024,1.9991146
GLOBAL,S1D2,MINGASINT,GASINT,2025,1.0530346
GLOBAL,S1D2,MINGASINT,GASINT,2026,1.0530346
GLOBAL,S1D2,MINGASINT,GASINT,2027,1.9504189
GLOBAL,S1D2,MINGASINT,GASINT,2028,1.3631864
GLOBAL,S1D2,MINGASINT,GASINT,2029,1.3631864
GLOBAL,S1D2,MINGASINT,GASINT,2030,1.9504189
GLOBAL,S1D2,MINGASINT,GASINT,2031,1.9991146
GLOBAL,S1D2,MINGASINT,GASINT,2032,1.0530346
GLOBAL,S1D2,MINGASINT,GASINT,2033,1.9504189
GLOBAL,S1D2,MINGASINT,GASINT,2034,1.9991146
GLOBAL,S1D2,MINGASINT,GASINT,2035,1.9504189
GLOBAL,S1D2,MINGASINT,GASINT,2036,1.9991146
GLOBAL,S1D2,MINGASINT,GASINT,2037,1.0530346
GLOBAL,S1D2,MINGASINT,GASINT,2038,1.0530346
GLOBAL,S1D2,MINGASINT,GASINT,2039,1.9991146
GLOBAL,S1D2,MINGASINT,GASINT,2040,2.0354835
GLOBAL,S1D2,MINGASINT,GASINT,2041,2.0487873
GLOBAL,S1D2,MINGASINT,GASINT,2042,2.0620911
GLOBAL,S1D2,MINGASINT,GASINT,2043,2.088704
GLOBAL,S1D2,MINGASINT,GASINT,2044,2.106446
GLOBAL,S1D2,MINGASINT,GASINT,2045,2.1241879
GLOBAL,S1D2,MINGASINT,GASINT,2046,2.2306395
GLOBAL,S1D2,MINGASINT,GASINT,2047,2.3282202
GLOBAL,S1D2,MINGASINT,GASINT,2048,2.4258008
GLOBAL,S1D2,MINGASINT,GASINT,2049,2.5322524
GLOBAL,S1D2,MINGASINT,GASINT,2050,2.6298331
GLOBAL,S1D2,PWRBIOGUYXX01,ELCGUYXX01,2023,0.048695759
GLOBAL,S1D2,PWRBIOGUYXX01,ELCGUYXX01,2025,0.94608
GLOBAL,S1D2,PWRBIOGUYXX01,ELCGUYXX01,2026,0.94608
GLOBAL,S1D2,PWRBIOGUYXX01,ELCGUYXX01,2027,0.048695759
GLOBAL,S1D2,PWRBIOGUYXX01,ELCGUYXX01,2028,0.63592822
GLOBAL,S1D2,PWRBIOGUYXX01,ELCGUYXX01,2029,0.63592822
GLOBAL,S1D2,PWRBIOGUYXX01,ELCGUYXX01,2030,0.048695759
GLOBAL,S1D2,PWRBIOGUYXX01,ELCGUYXX01,2032,0.94608
GLOBAL,S1D2,PWRBIOGUYXX01,ELCGUYXX01,2033,0.048695759
GLOBAL,S1D2,PWRBIOGUYXX01,ELCGUYXX01,2035,0.048695759
GLOBAL,S1D2,PWRBIOGUYXX01,ELCGUYXX01,2037,0.94608
GLOBAL,S1D2,PWRBIOGUYXX01,ELCGUYXX01,2038,0.94608
GLOBAL,S1D2,PWRCCGGUYXX01,ELCGUYXX01,2021,1.9991146
GLOBAL,S1D2,PWRCCGGUYXX01,ELCGUYXX01,2022,1.9991146
GLOBAL,S1D2,PWRCCGGUYXX01,ELCGUYXX01,2023,1.9504189
GLOBAL,S1D2,PWRCCGGUYXX01,ELCGUYXX01,2024,1.9991146
GLOBAL,S1D2,PWRCCGGUYXX01,ELCGUYXX01,2025,1.0530346
GLOBAL,S1D2,PWRCCGGUYXX01,ELCGUYXX01,2026,1.0530346
GLOBAL,S1D2,PWRCCGGUYXX01,ELCGUYXX01,2027,1.9504189
GLOBAL,S1D2,PWRCCGGUYXX01,ELCGUYXX01,2028,1.3631864
GLOBAL,S1D2,PWRCCGGUYXX01,ELCGUYXX01,2029,1.3631864
GLOBAL,S1D2,PWRCCGGUYXX01,ELCGUYXX01,2030,1.9504189
GLOBAL,S1D2,PWRCCGGUYXX01,ELCGUYXX01,2031,1.9991146
GLOBAL,S1D2,PWRCCGGUYXX01,ELCGUYXX01,2032,1.0530346
GLOBAL,S1D2,PWRCCGGUYXX01,ELCGUYXX01,2033,1.9504189
GLOBAL,S1D2,PWRCCGGUYXX01,ELCGUYXX01,2034,1.9991146
GLOBAL,S1D2,PWRCCGGUYXX01,ELCGUYXX01,2035,1.9504189
GLOBAL,S1D2,PWRCCGGUYXX01,ELCGUYXX01,2036,1.9991146
GLOBAL,S1D2,PWRCCGGUYXX01,ELCGUYXX01,2037,1.0530346
GLOBAL,S1D2,PWRCCGGUYXX01,ELCGUYXX01,2038,1.0530346
GLOBAL,S1D2,PWRCCGGUYXX01,ELCGUYXX01,2039,1.9991146
GLOBAL,S1D2,PWRCCGGUYXX01,ELCGUYXX01,2040,2.0354835
GLOBAL,S1D2,PWRCCGGUYXX01,ELCGUYXX01,2041,2.0487873
GLOBAL,S1D2,PWRCCGGUYXX01,ELCGUYXX01,2042,2.0620911
GLOBAL,S1D2,PWRCCGGUYXX01,ELCGUYXX01,2043,2.088704
GLOBAL,S1D2,PWRCCGGUYXX01,ELCGUYXX01,2044,2.106446
GLOBAL,S1D2,PWRCCGGUYXX01,ELCGUYXX01,2045,2.1241879
GLOBAL,S1D2,PWRCCGGUYXX01,ELCGUYXX01,2046,2.2306395
GLOBAL,S1D2,PWRCCGGUYXX01,ELCGUYXX01,2047,2.3282202
GLOBAL,S1D2,PWRCCGGUYXX01,ELCGUYXX01,2048,2.4258008
GLOBAL,S1D2,PWRCCGGUYXX01,ELCGUYXX01,2049,2.5322524
GLOBAL,S1D2,PWRCCGGUYXX01,ELCGUYXX01,2050,2.6298331
GLOBAL,S1D2,PWRCCGGUYXX01,GASINT,2021,1.9991146
GLOBAL,S1D2,PWRCCGGUYXX01,GASINT,2022,1.9991146
GLOBAL,S1D2,PWRCCGGUYXX01,GASINT,2023,1.9504189
GLOBAL,S1D2,PWRCCGGUYXX01,GASINT,2024,1.9991146
GLOBAL,S1D2,PWRCCGGUYXX01,GASINT,2025,1.0530346
GLOBAL,S1D2,PWRCCGGUYXX01,GASINT,2026,1.0530346
GLOBAL,S1D2,PWRCCGGUYXX01,GASINT,2027,1.9504189
GLOBAL,S1D2,PWRCCGGUYXX01,GASINT,2028,1.3631864
GLOBAL,S1D2,PWRCCGGUYXX01,GASINT,2029,1.3631864
GLOBAL,S1D2,PWRCCGGUYXX01,GASINT,2030,1.9504189
GLOBAL,S1D2,PWRCCGGUYXX01,GASINT,2031,1.9991146
GLOBAL,S1D2,PWRCCGGUYXX01,GASINT,2032,1.0530346
GLOBAL,S1D2,PWRCCGGUYXX01,GASINT,2033,1.9504189
GLOBAL,S1D2,PWRCCGGUYXX01,GASINT,2034,1.9991146
GLOBAL,S1D2,PWRCCGGUYXX01,GASINT,2035,1.9504189
GLOBAL,S1D2,PWRCCGGUYXX01,GASINT,2036,1.9991146
GLOBAL,S1D2,PWRCCGGUYXX01,GASINT,2037,1.0530346
GLOBAL,S1D2,PWRCCGGUYXX01,GASINT,2038,1.0530346
GLOBAL,S1D2,PWRCCGGUYXX01,GASINT,2039,1.9991146
GLOBAL,S1D2,PWRCCGGUYXX01,GASINT,2040,2.0354835
GLOBAL,S1D2,PWRCCGGUYXX01,GASINT,2041,2.0487873
GLOBAL,S1D2,PWRCCGGUYXX01,GASINT,2042,2.0620911
GLOBAL,S1D2,PWRCCGGUYXX01,GASINT,2043,2.088704
GLOBAL,S1D2,PWRCCGGUYXX01,GASINT,2044,2.106446
GLOBAL,S1D2,PWRCCGGUYXX01,GASINT,2045,2.1241879
GLOBAL,S1D2,PWRCCGGUYXX01,GASINT,2046,2.2306395
GLOBAL,S1D2,PWRCCGGUYXX01,GASINT,2047,2.3282202
GLOBAL,S1D2,PWRCCGGUYXX01,GASINT,2048,2.4258008
GLOBAL,S1D2,PWRCCGGUYXX01,GASINT,2049,2.5322524
GLOBAL,S1D2,PWRCCGGUYXX01,GASINT,2050,2.6298331
GLOBAL,S1D2,PWRSPVGUYXX01,ELCGUYXX01,2021,0.66630624
GLOBAL,S1D2,PWRSPVGUYXX01,ELCGUYXX01,2022,0.66630624
GLOBAL,S1D2,PWRSPVGUYXX01,ELCGUYXX01,2023,0.66630624
GLOBAL,S1D2,PWRSPVGUYXX01,ELCGUYXX01,2024,0.66630624
GLOBAL,S1D2,PWRSPVGUYXX01,ELCGUYXX01,2025,0.66630624
GLOBAL,S1D2,PWRSPVGUYXX01,ELCGUYXX01,2026,0.66630624
GLOBAL,S1D2,PWRSPVGUYXX01,ELCGUYXX01,2027,0.66630624
GLOBAL,S1D2,PWRSPVGUYXX01,ELCGUYXX01,2028,0.66630624
GLOBAL,S1D2,PWRSPVGUYXX01,ELCGUYXX01,2029,0.66630624
GLOBAL,S1D2,PWRSPVGUYXX01,ELCGUYXX01,2030,0.66630624
GLOBAL,S1D2,PWRSPVGUYXX01,ELCGUYXX01,2031,0.66630624
GLOBAL,S1D2,PWRSPVGUYXX01,ELCGUYXX01,2032,0.66630624
GLOBAL,S1D2,PWRSPVGUYXX01,ELCGUYXX01,2033,0.66630624
GLOBAL,S1D2,PWRSPVGUYXX01,ELCGUYXX01,2034,0.66630624
GLOBAL,S1D2,PWRSPVGUYXX01,ELCGUYXX01,2035,0.66630624
GLOBAL,S1D2,PWRSPVGUYXX01,ELCGUYXX01,2036,0.66630624
GLOBAL,S1D2,PWRSPVGUYXX01,ELCGUYXX01,2037,0.66630624
GLOBAL,S1D2,PWRSPVGUYXX01,ELCGUYXX01,2038,0.66630624
GLOBAL,S1D2,PWRSPVGUYXX01,ELCGUYXX01,2039,0.66630624
GLOBAL,S1D2,PWRSPVGUYXX01,ELCGUYXX01,2040,0.67903264
GLOBAL,S1D2,PWRSPVGUYXX01,ELCGUYXX01,2041,0.68347076
GLOBAL,S1D2,PWRSPVGUYXX01,ELCGUYXX01,2042,0.68790888
GLOBAL,S1D2,PWRSPVGUYXX01,ELCGUYXX01,2043,0.68790888
GLOBAL,S1D2,PWRSPVGUYXX01,ELCGUYXX01,2044,0.68790888
GLOBAL,S1D2,PWRSPVGUYXX01,ELCGUYXX01,2045,0.68790888
GLOBAL,S1D2,PWRSPVGUYXX01,ELCGUYXX01,2046,0.68790888
GLOBAL,S1D2,PWRSPVGUYXX01,ELCGUYXX01,2047,0.68790888
GLOBAL,S1D2,PWRSPVGUYXX01,ELCGUYXX01,2048,0.68790888
GLOBAL,S1D2,PWRSPVGUYXX01,ELCGUYXX01,2049,0.68790888
GLOBAL,S1D2,PWRSPVGUYXX01,ELCGUYXX01,2050,0.68790888
GLOBAL,S1D2,PWRTRNGUYXX,ELCGUYXX02,2021,2.7145161
GLOBAL,S1D2,PWRTRNGUYXX,ELCGUYXX02,2022,2.7145161
GLOBAL,S1D2,PWRTRNGUYXX,ELCGUYXX02,2023,2.7145161
GLOBAL,S1D2,PWRTRNGUYXX,ELCGUYXX02,2024,2.7145161
GLOBAL,S1D2,PWRTRNGUYXX,ELCGUYXX02,2025,2.7145161
GLOBAL,S1D2,PWRTRNGUYXX,ELCGUYXX02,2026,2.7145161
GLOBAL,S1D2,PWRTRNGUYXX,ELCGUYXX02,2027,2.7145161
GLOBAL,S1D2,PWRTRNGUYXX,ELCGUYXX02,2028,2.7145161
GLOBAL,S1D2,PWRTRNGUYXX,ELCGUYXX02,2029,2.7145161
GLOBAL,S1D2,PWRTRNGUYXX,ELCGUYXX02,2030,2.7145161
GLOBAL,S1D2,PWRTRNGUYXX,ELCGUYXX02,2031,2.7145161
GLOBAL,S1D2,PWRTRNGUYXX,ELCGUYXX02,2032,2.7145161
GLOBAL,S1D2,PWRTRNGUYXX,ELCGUYXX02,2033,2.7145161
GLOBAL,S1D2,PWRTRNGUYXX,ELCGUYXX02,2034,2.7145161
GLOBAL,S1D2,PWRTRNGUYXX,ELCGUYXX02,2035,2.7145161
GLOBAL,S1D2,PWRTRNGUYXX,ELCGUYXX02,2036,2.7145161
GLOBAL,S1D2,PWRTRNGUYXX,ELCGUYXX02,2037,2.7145161
GLOBAL,S1D2,PWRTRNGUYXX,ELCGUYXX02,2038,2.7145161
GLOBAL,S1D2,PWRTRNGUYXX,ELCGUYXX02,2039,2.7145161
GLOBAL,S1D2,PWRTRNGUYXX,ELCGUYXX02,2040,2.7145161
GLOBAL,S1D2,PWRTRNGUYXX,ELCGUYXX02,2041,2.7322581
GLOBAL,S1D2,PWRTRNGUYXX,ELCGUYXX02,2042,2.75
GLOBAL,S1D2,PWRTRNGUYXX,ELCGUYXX02,2043,2.7766129
GLOBAL,S1D2,PWRTRNGUYXX,ELCGUYXX02,2044,2.7943548
GLOBAL,S1D2,PWRTRNGUYXX,ELCGUYXX02,2045,2.8120968
GLOBAL,S1D2,PWRTRNGUYXX,ELCGUYXX02,2046,2.9185484
GLOBAL,S1D2,PWRTRNGUYXX,ELCGUYXX02,2047,3.016129
GLOBAL,S1D2,PWRTRNGUYXX,ELCGUYXX02,2048,3.1137097
GLOBAL,S1D2,PWRTRNGUYXX,ELCGUYXX02,2049,3.2201613
GLOBAL,S1D2,PWRTRNGUYXX,ELCGUYXX02,2050,3.3177419
GLOBAL,S1D2,PWRWONGUYXX01,ELCGUYXX01,2021,0.049095245
GLOBAL,S1D2,PWRWONGUYXX01,ELCGUYXX01,2022,0.049095245
GLOBAL,S1D2,PWRWONGUYXX01,ELCGUYXX01,2023,0.049095245
GLOBAL,S1D2,PWRWONGUYXX01,ELCGUYXX01,2024,0.049095245
GLOBAL,S1D2,PWRWONGUYXX01,ELCGUYXX01,2025,0.049095245
GLOBAL,S1D2,PWRWONGUYXX01,ELCGUYXX01,2026,0.049095245
GLOBAL,S1D2,PWRWONGUYXX01,ELCGUYXX01,2027,0.049095245
GLOBAL,S1D2,PWRWONGUYXX01,ELCGUYXX01,2028,0.049095245
GLOBAL,S1D2,PWRWONGUYXX01,ELCGUYXX01,2029,0.049095245
GLOBAL,S1D2,PWRWONGUYXX01,ELCGUYXX01,2030,0.049095245
GLOBAL,S1D2,PWRWONGUYXX01,ELCGUYXX01,2031,0.049095245
GLOBAL,S1D2,PWRWONGUYXX01,ELCGUYXX01,2032,0.049095245
GLOBAL,S1D2,PWRWONGUYXX01,ELCGUYXX01,2033,0.049095245
GLOBAL,S1D2,PWRWONGUYXX01,ELCGUYXX01,2034,0.049095245
GLOBAL,S1D2,PWRWONGUYXX01,ELCGUYXX01,2035,0.049095245
GLOBAL,S1D2,PWRWONGUYXX01,ELCGUYXX01,2036,0.049095245
GLOBAL,S1D2,PWRWONGUYXX01,ELCGUYXX01,2037,0.049095245
GLOBAL,S1D2,PWRWONGUYXX01,ELCGUYXX01,2038,0.049095245
GLOBAL,S1D2,PWRWONGUYXX01,ELCGUYXX01,2039,0.049095245
GLOBAL,S1D2,RNWBIOGUYXX,BIOGUYXX,2023,0.17968735
GLOBAL,S1D2,RNWBIOGUYXX,BIOGUYXX,2025,3.4910352
GLOBAL,S1D2,RNWBIOGUYXX,BIOGUYXX,2026,3.4910352
GLOBAL,S1D2,RNWBIOGUYXX,BIOGUYXX,2027,0.17968735
GLOBAL,S1D2,RNWBIOGUYXX,BIOGUYXX,2028,2.3465751
GLOBAL,S1D2,RNWBIOGUYXX,BIOGUYXX,2029,2.3465751
GLOBAL,S1D2,RNWBIOGUYXX,BIOGUYXX,2030,0.17968735
GLOBAL,S1D2,RNWBIOGUYXX,BIOGUYXX,2032,3.4910352
GLOBAL,S1D2,RNWBIOGUYXX,BIOGUYXX,2033,0.17968735
GLOBAL,S1D2,RNWBIOGUYXX,BIOGUYXX,2035,0.17968735
GLOBAL,S1D2,RNWBIOGUYXX,BIOGUYXX,2037,3.4910352
GLOBAL,S1D2,RNWBIOGUYXX,BIOGUYXX,2038,3.4910352
GLOBAL,S1D2,RNWSPVGUYXX,SPVGUYXX,2021,0.66630624
GLOBAL,S1D2,RNWSPVGUYXX,SPVGUYXX,2022,0.66630624
GLOBAL,S1D2,RNWSPVGUYXX,SPVGUYXX,2023,0.66630624
GLOBAL,S1D2,RNWSPVGUYXX,SPVGUYXX,2024,0.66630624
GLOBAL,S1D2,RNWSPVGUYXX,SPVGUYXX,2025,0.66630624
GLOBAL,S1D2,RNWSPVGUYXX,SPVGUYXX,2026,0.66630624
GLOBAL,S1D2,RNWSPVGUYXX,SPVGUYXX,2027,0.66630624
GLOBAL,S1D2,RNWSPVGUYXX,SPVGUYXX,2028,0.66630624
GLOBAL,S1D2,RNWSPVGUYXX,SPVGUYXX,2029,0.66630624
GLOBAL,S1D2,RNWSPVGUYXX,SPVGUYXX,2030,0.66630624
GLOBAL,S1D2,RNWSPVGUYXX,SPVGUYXX,2031,0.66630624
GLOBAL,S1D2,RNWSPVGUYXX,SPVGUYXX,2032,0.66630624
GLOBAL,S1D2,RNWSPVGUYXX,SPVGUYXX,2033,0.66630624
GLOBAL,S1D2,RNWSPVGUYXX,SPVGUYXX,2034,0.66630624
GLOBAL,S1D2,RNWSPVGUYXX,SPVGUYXX,2035,0.66630624
GLOBAL,S1D2,RNWSPVGUYXX,SPVGUYXX,2036,0.66630624
GLOBAL,S1D2,RNWSPVGUYXX,SPVGUYXX,2037,0.66630624
GLOBAL,S1D2,RNWSPVGUYXX,SPVGUYXX,2038,0.66630624
GLOBAL,S1D2,RNWSPVGUYXX,SPVGUYXX,2039,0.66630624
GLOBAL,S1D2,RNWSPVGUYXX,SPVGUYXX,2040,0.67903264
GLOBAL,S1D2,RNWSPVGUYXX,SPVGUYXX,2041,0.68347076
GLOBAL,S1D2,RNWSPVGUYXX,SPVGUYXX,2042,0.68790888
GLOBAL,S1D2,RNWSPVGUYXX,SPVGUYXX,2043,0.68790888
GLOBAL,S1D2,RNWSPVGUYXX,SPVGUYXX,2044,0.68790888
GLOBAL,S1D2,RNWSPVGUYXX,SPVGUYXX,2045,0.68790888
GLOBAL,S1D2,RNWSPVGUYXX,SPVGUYXX,2046,0.68790888
GLOBAL,S1D2,RNWSPVGUYXX,SPVGUYXX,2047,0.68790888
GLOBAL,S1D2,RNWSPVGUYXX,SPVGUYXX,2048,0.68790888
GLOBAL,S1D2,RNWSPVGUYXX,SPVGUYXX,2049,0.68790888
GLOBAL,S1D2,RNWSPVGUYXX,SPVGUYXX,2050,0.68790888
GLOBAL,S1D2,RNWWONGUYXX,WONGUYXX,2021,0.049095245
GLOBAL,S1D2,RNWWONGUYXX,WONGUYXX,2022,0.049095245
GLOBAL,S1D2,RNWWONGUYXX,WONGUYXX,2023,0.049095245
GLOBAL,S1D2,RNWWONGUYXX,WONGUYXX,2024,0.049095245
GLOBAL,S1D2,RNWWONGUYXX,WONGUYXX,2025,0.049095245
GLOBAL,S1D2,RNWWONGUYXX,WONGUYXX,2026,0.049095245
GLOBAL,S1D2,RNWWONGUYXX,WONGUYXX,2027,0.049095245
GLOBAL,S1D2,RNWWONGUYXX,WONGUYXX,2028,0.049095245
GLOBAL,S1D2,RNWWONGUYXX,WONGUYXX,2029,0.049095245
GLOBAL,S1D2,RNWWONGUYXX,WONGUYXX,2030,0.049095245
GLOBAL,S1D2,RNWWONGUYXX,WONGUYXX,2031,0.049095245
GLOBAL,S1D2,RNWWONGUYXX,WONGUYXX,2032,0.049095245
GLOBAL,S1D2,RNWWONGUYXX,WONGUYXX,2033,0.049095245
GLOBAL,S1D2,RNWWONGUYXX,WONGUYXX,2034,0.049095245
GLOBAL,S1D2,RNWWONGUYXX,WONGUYXX,2035,0.049095245
GLOBAL,S1D2,RNWWONGUYXX,WONGUYXX,2036,0.049095245
GLOBAL,S1D2,RNWWONGUYXX,WONGUYXX,2037,0.049095245
GLOBAL,S1D2,RNWWONGUYXX,WONGUYXX,2038,0.049095245
GLOBAL,S1D2,RNWWONGUYXX,WONGUYXX,2039,0.049095245
GLOBAL,S1D3,MINGASINT,GASINT,2044,0.10483871
GLOBAL,S1D3,MINGASINT,GASINT,2048,0.85967742
GLOBAL,S1D3,MINGASINT,GASINT,2049,1.108552
GLOBAL,S1D3,MINGASINT,GASINT,2050,0.21756789
GLOBAL,S1D3,PWRCCGGUYXX01,ELCGUYXX01,2044,0.10483871
GLOBAL,S1D3,PWRCCGGUYXX01,ELCGUYXX01,2048,0.85967742
GLOBAL,S1D3,PWRCCGGUYXX01,ELCGUYXX01,2049,1.108552
GLOBAL,S1D3,PWRCCGGUYXX01,ELCGUYXX01,2050,0.21756789
GLOBAL,S1D3,PWRCCGGUYXX01,GASINT,2044,0.10483871
GLOBAL,S1D3,PWRCCGGUYXX01,GASINT,2048,0.85967742
GLOBAL,S1D3,PWRCCGGUYXX01,GASINT,2049,1.108552
GLOBAL,S1D3,PWRCCGGUYXX01,GASINT,2050,0.21756789
GLOBAL,S1D3,PWRSPVGUYXX01,ELCGUYXX01,2021,3.1496342
GLOBAL,S1D3,PWRSPVGUYXX01,ELCGUYXX01,2022,3.1496342
GLOBAL,S1D3,PWRSPVGUYXX01,ELCGUYXX01,2023,3.1496342
GLOBAL,S1D3,PWRSPVGUYXX01,ELCGUYXX01,2024,3.1496342
GLOBAL,S1D3,PWRSPVGUYXX01,ELCGUYXX01,2025,3.1496342
GLOBAL,S1D3,PWRSPVGUYXX01,ELCGUYXX01,2026,3.1496342
GLOBAL,S1D3,PWRSPVGUYXX01,ELCGUYXX01,2027,3.1496342
GLOBAL,S1D3,PWRSPVGUYXX01,ELCGUYXX01,2028,3.1496342
GLOBAL,S1D3,PWRSPVGUYXX01,ELCGUYXX01,2029,3.1496342
GLOBAL,S1D3,PWRSPVGUYXX01,ELCGUYXX01,2030,3.1023685
GLOBAL,S1D3,PWRSPVGUYXX01,ELCGUYXX01,2031,3.1023685
GLOBAL,S1D3,PWRSPVGUYXX01,ELCGUYXX01,2032,3.1023685
GLOBAL,S1D3,PWRSPVGUYXX01,ELCGUYXX01,2033,3.1023685
GLOBAL,S1D3,PWRSPVGUYXX01,ELCGUYXX01,2034,3.1023685
GLOBAL,S1D3,PWRSPVGUYXX01,ELCGUYXX01,2035,3.1023685
GLOBAL,S1D3,PWRSPVGUYXX01,ELCGUYXX01,2036,3.1023685
GLOBAL,S1D3,PWRSPVGUYXX01,ELCGUYXX01,2037,3.1023685
GLOBAL,S1D3,PWRSPVGUYXX01,ELCGUYXX01,2038,3.1023685
GLOBAL,S1D3,PWRSPVGUYXX01,ELCGUYXX01,2039,3.1496342
GLOBAL,S1D3,PWRSPVGUYXX01,ELCGUYXX01,2040,3.2080645
GLOBAL,S1D3,PWRSPVGUYXX01,ELCGUYXX01,2041,3.2290323
GLOBAL,S1D3,PWRSPVGUYXX01,ELCGUYXX01,2042,3.25
GLOBAL,S1D3,PWRSPVGUYXX01,ELCGUYXX01,2043,3.2814516
GLOBAL,S1D3,PWRSPVGUYXX01,ELCGUYXX01,2044,3.1975806
GLOBAL,S1D3,PWRSPVGUYXX01,ELCGUYXX01,2045,3.3233871
GLOBAL,S1D3,PWRSPVGUYXX01,ELCGUYXX01,2046,3.4491935
GLOBAL,S1D3,PWRSPVGUYXX01,ELCGUYXX01,2047,3.5645161
GLOBAL,S1D3,PWRSPVGUYXX01,ELCGUYXX01,2048,2.8201613
GLOBAL,S1D3,PWRSPVGUYXX01,ELCGUYXX01,2049,2.6970932
GLOBAL,S1D3,PWRSPVGUYXX01,ELCGUYXX01,2050,3.7033999
GLOBAL,S1D3,PWRTRNGUYXX,ELCGUYXX02,2021,3.2080645
GLOBAL,S1D3,PWRTRNGUYXX,ELCGUYXX02,2022,3.2080645
GLOBAL,S1D3,PWRTRNGUYXX,ELCGUYXX02,2023,3.2080645
GLOBAL,S1D3,PWRTRNGUYXX,ELCGUYXX02,2024,3.2080645
GLOBAL,S1D3,PWRTRNGUYXX,ELCGUYXX02,2025,3.2080645
GLOBAL,S1D3,PWRTRNGUYXX,ELCGUYXX02,2026,3.2080645
GLOBAL,S1D3,PWRTRNGUYXX,ELCGUYXX02,2027,3.2080645
GLOBAL,S1D3,PWRTRNGUYXX,ELCGUYXX02,2028,3.2080645
GLOBAL,S1D3,PWRTRNGUYXX,ELCGUYXX02,2029,3.2080645
GLOBAL,S1D3,PWRTRNGUYXX,ELCGUYXX02,2030,3.2080645
GLOBAL,S1D3,PWRTRNGUYXX,ELCGUYXX02,2031,3.2080645
GLOBAL,S1D3,PWRTRNGUYXX,ELCGUYXX02,2032,3.2080645
GLOBAL,S1D3,PWRTRNGUYXX,ELCGUYXX02,2033,3.2080645
GLOBAL,S1D3,PWRTRNGUYXX,ELCGUYXX02,2034,3.2080645
GLOBAL,S1D3,PWRTRNGUYXX,ELCGUYXX02,2035,3.2080645
GLOBAL,S1D3,PWRTRNGUYXX,ELCGUYXX02,2036,3.2080645
GLOBAL,S1D3,PWRTRNGUYXX,ELCGUYXX02,2037,3.2080645
GLOBAL,S1D3,PWRTRNGUYXX,ELCGUYXX02,2038,3.2080645
GLOBAL,S1D3,PWRTRNGUYXX,ELCGUYXX02,2039,3.2080645
GLOBAL,S1D3,PWRTRNGUYXX,ELCGUYXX02,2040,3.2080645
GLOBAL,S1D3,PWRTRNGUYXX,ELCGUYXX02,2041,3.2290323
GLOBAL,S1D3,PWRTRNGUYXX,ELCGUYXX02,2042,3.25
GLOBAL,S1D3,PWRTRNGUYXX,ELCGUYXX02,2043,3.2814516
GLOBAL,S1D3,PWRTRNGUYXX,ELCGUYXX02,2044,3.3024194
GLOBAL,S1D3,PWRTRNGUYXX,ELCGUYXX02,2045,3.3233871
GLOBAL,S1D3,PWRTRNGUYXX,ELCGUYXX02,2046,3.4491935
GLOBAL,S1D3,PWRTRNGUYXX,ELCGUYXX02,2047,3.5645161
GLOBAL,S1D3,PWRTRNGUYXX,ELCGUYXX02,2048,3.6798387
GLOBAL,S1D3,PWRTRNGUYXX,ELCGUYXX02,2049,3.8056452
GLOBAL,S1D3,PWRTRNGUYXX,ELCGUYXX02,2050,3.9209677
GLOBAL,S1D3,PWRWONGUYXX01,ELCGUYXX01,2021,0.058430277
GLOBAL,S1D3,PWRWONGUYXX01,ELCGUYXX01,2022,0.058430277
GLOBAL,S1D3,PWRWONGUYXX01,ELCGUYXX01,2023,0.058430277
GLOBAL,S1D3,PWRWONGUYXX01,ELCGUYXX01,2024,0.058430277
GLOBAL,S1D3,PWRWONGUYXX01,ELCGUYXX01,2025,0.058430277
GLOBAL,S1D3,PWRWONGUYXX01,ELCGUYXX01,2026,0.058430277
GLOBAL,S1D3,PWRWONGUYXX01,ELCGUYXX01,2027,0.058430277
GLOBAL,S1D3,PWRWONGUYXX01,ELCGUYXX01,2028,0.058430277
GLOBAL,S1D3,PWRWONGUYXX01,ELCGUYXX01,2029,0.058430277
GLOBAL,S1D3,PWRWONGUYXX01,ELCGUYXX01,2030,0.10569606
GLOBAL,S1D3,PWRWONGUYXX01,ELCGUYXX01,2031,0.10569606
GLOBAL,S1D3,PWRWONGUYXX01,ELCGUYXX01,2032,0.10569606
GLOBAL,S1D3,PWRWONGUYXX01,ELCGUYXX01,2033,0.10569606
GLOBAL,S1D3,PWRWONGUYXX01,ELCGUYXX01,2034,0.10569606
GLOBAL,S1D3,PWRWONGUYXX01,ELCGUYXX01,2035,0.10569606
GLOBAL,S1D3,PWRWONGUYXX01,ELCGUYXX01,2036,0.10569606
GLOBAL,S1D3,PWRWONGUYXX01,ELCGUYXX01,2037,0.10569606
GLOBAL,S1D3,PWRWONGUYXX01,ELCGUYXX01,2038,0.10569606
GLOBAL,S1D3,PWRWONGUYXX01,ELCGUYXX01,2039,0.058430277
GLOBAL,S1D3,RNWSPVGUYXX,SPVGUYXX,2021,3.1496342
GLOBAL,S1D3,RNWSPVGUYXX,SPVGUYXX,2022,3.1496342
GLOBAL,S1D3,RNWSPVGUYXX,SPVGUYXX,2023,3.1496342
GLOBAL,S1D3,RNWSPVGUYXX,SPVGUYXX,2024,3.1496342
GLOBAL,S1D3,RNWSPVGUYXX,SPVGUYXX,2025,3.1496342
GLOBAL,S1D3,RNWSPVGUYXX,SPVGUYXX,2026,3.1496342
GLOBAL,S1D3,RNWSPVGUYXX,SPVGUYXX,2027,3.1496342
GLOBAL,S1D3,RNWSPVGUYXX,SPVGUYXX,2028,3.1496342
GLOBAL,S1D3,RNWSPVGUYXX,SPVGUYXX,2029,3.1496342
GLOBAL,S1D3,RNWSPVGUYXX,SPVGUYXX,2030,3.1023685
GLOBAL,S1D3,RNWSPVGUYXX,SPVGUYXX,2031,3.1023685
GLOBAL,S1D3,RNWSPVGUYXX,SPVGUYXX,2032,3.1023685
GLOBAL,S1D3,RNWSPVGUYXX,SPVGUYXX,2033,3.1023685
GLOBAL,S1D3,RNWSPVGUYXX,SPVGUYXX,2034,3.1023685
GLOBAL,S1D3,RNWSPVGUYXX,SPVGUYXX,2035,3.1023685
GLOBAL,S1D3,RNWSPVGUYXX,SPVGUYXX,2036,3.1023685
GLOBAL,S1D3,RNWSPVGUYXX,SPVGUYXX,2037,3.1023685
GLOBAL,S1D3,RNWSPVGUYXX,SPVGUYXX,2038,3.1023685
GLOBAL,S1D3,RNWSPVGUYXX,SPVGUYXX,2039,3.1496342
GLOBAL,S1D3,RNWSPVGUYXX,SPVGUYXX,2040,3.2080645
GLOBAL,S1D3,RNWSPVGUYXX,SPVGUYXX,2041,3.2290323
GLOBAL,S1D3,RNWSPVGUYXX,SPVGUYXX,2042,3.25
GLOBAL,S1D3,RNWSPVGUYXX,SPVGUYXX,2043,3.2814516
GLOBAL,S1D3,RNWSPVGUYXX,SPVGUYXX,2044,3.1975806
GLOBAL,S1D3,RNWSPVGUYXX,SPVGUYXX,2045,3.3233871
GLOBAL,S1D3,RNWSPVGUYXX,SPVGUYXX,2046,3.4491935
GLOBAL,S1D3,RNWSPVGUYXX,SPVGUYXX,2047,3.5645161
GLOBAL,S1D3,RNWSPVGUYXX,SPVGUYXX,2048,2.8201613
GLOBAL,S1D3,RNWSPVGUYXX,SPVGUYXX,2049,2.6970932
GLOBAL,S1D3,RNWSPVGUYXX,SPVGUYXX,2050,3.7033999
GLOBAL,S1D3,RNWWONGUYXX,WONGUYXX,2021,0.058430277
GLOBAL,S1D3,RNWWONGUYXX,WONGUYXX,2022,0.058430277
GLOBAL,S1D3,RNWWONGUYXX,WONGUYXX,2023,0.058430277
GLOBAL,S1D3,RNWWONGUYXX,WONGUYXX,2024,0.058430277
GLOBAL,S1D3,RNWWONGUYXX,WONGUYXX,2025,0.058430277
GLOBAL,S1D3,RNWWONGUYXX,WONGUYXX,2026,0.058430277
GLOBAL,S1D3,RNWWONGUYXX,WONGUYXX,2027,0.058430277
GLOBAL,S1D3,RNWWONGUYXX,WONGUYXX,2028,0.058430277
GLOBAL,S1D3,RNWWONGUYXX,WONGUYXX,2029,0.058430277
GLOBAL,S1D3,RNWWONGUYXX,WONGUYXX,2030,0.10569606
GLOBAL,S1D3,RNWWONGUYXX,WONGUYXX,2031,0.10569606
GLOBAL,S1D3,RNWWONGUYXX,WONGUYXX,2032,0.10569606
GLOBAL,S1D3,RNWWONGUYXX,WONGUYXX,2033,0.10569606
GLOBAL,S1D3,RNWWONGUYXX,WONGUYXX,2034,0.10569606
GLOBAL,S1D3,RNWWONGUYXX,WONGUYXX,2035,0.10569606
GLOBAL,S1D3,RNWWONGUYXX,WONGUYXX,2036,0.10569606
GLOBAL,S1D3,RNWWONGUYXX,WONGUYXX,2037,0.10569606
GLOBAL,S1D3,RNWWONGUYXX,WONGUYXX,2038,0.10569606
GLOBAL,S1D3,RNWWONGUYXX,WONGUYXX,2039,0.058430277
GLOBAL,S1D4,MINGASINT,GASINT,2021,2.0904014
GLOBAL,S1D4,MINGASINT,GASINT,2022,2.0904014
GLOBAL,S1D4,MINGASINT,GASINT,2023,2.0904014
GLOBAL,S1D4,MINGASINT,GASINT,2024,2.0904014
GLOBAL,S1D4,MINGASINT,GASINT,2025,2.0904014
GLOBAL,S1D4,MINGASINT,GASINT,2026,2.0904014
GLOBAL,S1D4,MINGASINT,GASINT,2027,2.0904014
GLOBAL,S1D4,MINGASINT,GASINT,2028,2.0904014
GLOBAL,S1D4,MINGASINT,GASINT,2029,2.0904014
GLOBAL,S1D4,MINGASINT,GASINT,2030,2.0904014
GLOBAL,S1D4,MINGASINT,GASINT,2031,2.0904014
GLOBAL,S1D4,MINGASINT,GASINT,2032,2.0904014
GLOBAL,S1D4,MINGASINT,GASINT,2033,2.0904014
GLOBAL,S1D4,MINGASINT,GASINT,2034,2.0904014
GLOBAL,S1D4,MINGASINT,GASINT,2035,2.0904014
GLOBAL,S1D4,MINGASINT,GASINT,2036,2.0904014
GLOBAL,S1D4,MINGASINT,GASINT,2037,2.0904014
GLOBAL,S1D4,MINGASINT,GASINT,2038,2.0904014
GLOBAL,S1D4,MINGASINT,GASINT,2039,2.8127226
GLOBAL,S1D4,MINGASINT,GASINT,2040,2.8795571
GLOBAL,S1D4,MINGASINT,GASINT,2041,2.8983777
GLOBAL,S1D4,MINGASINT,GASINT,2042,2.9171984
GLOBAL,S1D4,MINGASINT,GASINT,2043,2.9510693
GLOBAL,S1D4,MINGASINT,GASINT,2044,2.97365
GLOBAL,S1D4,MINGASINT,GASINT,2045,2.9962306
GLOBAL,S1D4,MINGASINT,GASINT,2046,3.1317145
GLOBAL,S1D4,MINGASINT,GASINT,2047,3.2559081
GLOBAL,S1D4,MINGASINT,GASINT,2048,3.4335438
GLOBAL,S1D4,MINGASINT,GASINT,2049,3.6851374
GLOBAL,S1D4,MINGASINT,GASINT,2050,3.9157648
GLOBAL,S1D4,PWRBIOGUYXX01,ELCGUYXX01,2021,0.7223212
GLOBAL,S1D4,PWRBIOGUYXX01,ELCGUYXX01,2022,0.7223212
GLOBAL,S1D4,PWRBIOGUYXX01,ELCGUYXX01,2023,0.7223212
GLOBAL,S1D4,PWRBIOGUYXX01,ELCGUYXX01,2024,0.7223212
GLOBAL,S1D4,PWRBIOGUYXX01,ELCGUYXX01,2025,0.7223212
GLOBAL,S1D4,PWRBIOGUYXX01,ELCGUYXX01,2026,0.7223212
GLOBAL,S1D4,PWRBIOGUYXX01,ELCGUYXX01,2027,0.7223212
GLOBAL,S1D4,PWRBIOGUYXX01,ELCGUYXX01,2028,0.7223212
GLOBAL,S1D4,PWRBIOGUYXX01,ELCGUYXX01,2029,0.7223212
GLOBAL,S1D4,PWRBIOGUYXX01,ELCGUYXX01,2030,0.7223212
GLOBAL,S1D4,PWRBIOGUYXX01,ELCGUYXX01,2031,0.7223212
GLOBAL,S1D4,PWRBIOGUYXX01,ELCGUYXX01,2032,0.7223212
GLOBAL,S1D4,PWRBIOGUYXX01,ELCGUYXX01,2033,0.7223212
GLOBAL,S1D4,PWRBIOGUYXX01,ELCGUYXX01,2034,0.7223212
GLOBAL,S1D4,PWRBIOGUYXX01,ELCGUYXX01,2035,0.7223212
GLOBAL,S1D4,PWRBIOGUYXX01,ELCGUYXX01,2036,0.7223212
GLOBAL,S1D4,PWRBIOGUYXX01,ELCGUYXX01,2037,0.7223212
GLOBAL,S1D4,PWRBIOGUYXX01,ELCGUYXX01,2038,0.7223212
GLOBAL,S1D4,PWRCCGGUYXX01,ELCGUYXX01,2021,2.0904014
GLOBAL,S1D4,PWRCCGGUYXX01,ELCGUYXX01,2022,2.0904014
GLOBAL,S1D4,PWRCCGGUYXX01,ELCGUYXX01,2023,2.0904014
GLOBAL,S1D4,PWRCCGGUYXX01,ELCGUYXX01,2024,2.0904014
GLOBAL,S1D4,PWRCCGGUYXX01,ELCGUYXX01,2025,2.0904014
GLOBAL,S1D4,PWRCCGGUYXX01,ELCGUYXX01,2026,2.0904014
GLOBAL,S1D4,PWRCCGGUYXX01,ELCGUYXX01,2027,2.0904014
GLOBAL,S1D4,PWRCCGGUYXX01,ELCGUYXX01,2028,2.0904014
GLOBAL,S1D4,PWRCCGGUYXX01,ELCGUYXX01,2029,2.0904014
GLOBAL,S1D4,PWRCCGGUYXX01,ELCGUYXX01,2030,2.0904014
GLOBAL,S1D4,PWRCCGGUYXX01,ELCGUYXX01,2031,2.0904014
GLOBAL,S1D4,PWRCCGGUYXX01,ELCGUYXX01,2032,2.0904014
GLOBAL,S1D4,PWRCCGGUYXX01,ELCGUYXX01,2033,2.0904014
GLOBAL,S1D4,PWRCCGGUYXX01,ELCGUYXX01,2034,2.0904014
GLOBAL,S1D4,PWRCCGGUYXX01,ELCGUYXX01,2035,2.0904014
GLOBAL,S1D4,PWRCCGGUYXX01,ELCGUYXX01,2036,2.0904014
GLOBAL,S1D4,PWRCCGGUYXX01,ELCGUYXX01,2037,2.0904014
GLOBAL,S1D4,PWRCCGGUYXX01,ELCGUYXX01,2038,2.0904014
GLOBAL,S1D4,PWRCCGGUYXX01,ELCGUYXX01,2039,2.8127226
GLOBAL,S1D4,PWRCCGGUYXX01,ELCGUYXX01,2040,2.8795571
GLOBAL,S1D4,PWRCCGGUYXX01,ELCGUYXX01,2041,2.8983777
GLOBAL,S1D4,PWRCCGGUYXX01,ELCGUYXX01,2042,2.9171984
GLOBAL,S1D4,PWRCCGGUYXX01,ELCGUYXX01,2043,2.9510693
GLOBAL,S1D4,PWRCCGGUYXX01,ELCGUYXX01,2044,2.97365
GLOBAL,S1D4,PWRCCGGUYXX01,ELCGUYXX01,2045,2.9962306
GLOBAL,S1D4,PWRCCGGUYXX01,ELCGUYXX01,2046,3.1317145
GLOBAL,S1D4,PWRCCGGUYXX01,ELCGUYXX01,2047,3.2559081
GLOBAL,S1D4,PWRCCGGUYXX01,ELCGUYXX01,2048,3.3177419
GLOBAL,S1D4,PWRCCGGUYXX01,ELCGUYXX01,2049,3.3177419
GLOBAL,S1D4,PWRCCGGUYXX01,ELCGUYXX01,2050,3.3177419
GLOBAL,S1D4,PWRCCGGUYXX01,GASINT,2021,2.0904014
GLOBAL,S1D4,PWRCCGGUYXX01,GASINT,2022,2.0904014
GLOBAL,S1D4,PWRCCGGUYXX01,GASINT,2023,2.0904014
GLOBAL,S1D4,PWRCCGGUYXX01,GASINT,2024,2.0904014
GLOBAL,S1D4,PWRCCGGUYXX01,GASINT,2025,2.0904014
GLOBAL,S1D4,PWRCCGGUYXX01,GASINT,2026,2.0904014
GLOBAL,S1D4,PWRCCGGUYXX01,GASINT,2027,2.0904014
GLOBAL,S1D4,PWRCCGGUYXX01,GASINT,2028,2.0904014
GLOBAL,S1D4,PWRCCGGUYXX01,GASINT,2029,2.0904014
GLOBAL,S1D4,PWRCCGGUYXX01,GASINT,2030,2.0904014
GLOBAL,S1D4,PWRCCGGUYXX01,GASINT,2031,2.0904014
GLOBAL,S1D4,PWRCCGGUYXX01,GASINT,2032,2.0904014
GLOBAL,S1D4,PWRCCGGUYXX01,GASINT,2033,2.0904014
GLOBAL,S1D4,PWRCCGGUYXX01,GASINT,2034,2.0904014
GLOBAL,S1D4,PWRCCGGUYXX01,GASINT,2035,2.0904014
GLOBAL,S1D4,PWRCCGGUYXX01,GASINT,2036,2.0904014
GLOBAL,S1D4,PWRCCGGUYXX01,GASINT,2037,2.0904014
GLOBAL,S1D4,PWRCCGGUYXX01,GASINT,2038,2.0904014
GLOBAL,S1D4,PWRCCGGUYXX01,GASINT,2039,2.8127226
GLOBAL,S1D4,PWRCCGGUYXX01,GASINT,2040,2.8795571
GLOBAL,S1D4,PWRCCGGUYXX01,GASINT,2041,2.8983777
GLOBAL,S1D4,PWRCCGGUYXX01,GASINT,2042,2.9171984
GLOBAL,S1D4,PWRCCGGUYXX01,GASINT,2043,2.9510693
GLOBAL,S1D4,PWRCCGGUYXX01,GASINT,2044,2.97365
GLOBAL,S1D4,PWRCCGGUYXX01,GASINT,2045,2.9962306
GLOBAL,S1D4,PWRCCGGUYXX01,GASINT,2046,3.1317145
GLOBAL,S1D4,PWRCCGGUYXX01,GASINT,2047,3.2559081
GLOBAL,S1D4,PWRCCGGUYXX01,GASINT,2048,3.3177419
GLOBAL,S1D4,PWRCCGGUYXX01,GASINT,2049,3.3177419
GLOBAL,S1D4,PWRCCGGUYXX01,GASINT,2050,3.3177419
GLOBAL,S1D4,PWROCGGUYXX01,ELCGUYXX01,2048,0.062359669
GLOBAL,S1D4,PWROCGGUYXX01,ELCGUYXX01,2049,0.19784354
GLOBAL,S1D4,PWROCGGUYXX01,ELCGUYXX01,2050,0.32203709
GLOBAL,S1D4,PWROCGGUYXX01,GASINT,2048,0.062359669
GLOBAL,S1D4,PWROCGGUYXX01,GASINT,2049,0.19784354
GLOBAL,S1D4,PWROCGGUYXX01,GASINT,2050,0.32203709
GLOBAL,S1D4,PWRSPVGUYXX01,ELCGUYXX01,2021,0.5644997
GLOBAL,S1D4,PWRSPVGUYXX01,ELCGUYXX01,2022,0.5644997
GLOBAL,S1D4,PWRSPVGUYXX01,ELCGUYXX01,2023,0.5644997
GLOBAL,S1D4,PWRSPVGUYXX01,ELCGUYXX01,2024,0.5644997
GLOBAL,S1D4,PWRSPVGUYXX01,ELCGUYXX01,2025,0.5644997
GLOBAL,S1D4,PWRSPVGUYXX01,ELCGUYXX01,2026,0.5644997
GLOBAL,S1D4,PWRSPVGUYXX01,ELCGUYXX01,2027,0.5644997
GLOBAL,S1D4,PWRSPVGUYXX01,ELCGUYXX01,2028,0.5644997
GLOBAL,S1D4,PWRSPVGUYXX01,ELCGUYXX01,2029,0.5644997
GLOBAL,S1D4,PWRSPVGUYXX01,ELCGUYXX01,2030,0.5644997
GLOBAL,S1D4,PWRSPVGUYXX01,ELCGUYXX01,2031,0.5644997
GLOBAL,S1D4,PWRSPVGUYXX01,ELCGUYXX01,2032,0.5644997
GLOBAL,S1D4,PWRSPVGUYXX01,ELCGUYXX01,2033,0.5644997
GLOBAL,S1D4,PWRSPVGUYXX01,ELCGUYXX01,2034,0.5644997
GLOBAL,S1D4,PWRSPVGUYXX01,ELCGUYXX01,2035,0.5644997
GLOBAL,S1D4,PWRSPVGUYXX01,ELCGUYXX01,2036,0.5644997
GLOBAL,S1D4,PWRSPVGUYXX01,ELCGUYXX01,2037,0.5644997
GLOBAL,S1D4,PWRSPVGUYXX01,ELCGUYXX01,2038,0.5644997
GLOBAL,S1D4,PWRSPVGUYXX01,ELCGUYXX01,2039,0.5644997
GLOBAL,S1D4,PWRSPVGUYXX01,ELCGUYXX01,2040,0.5752816
GLOBAL,S1D4,PWRSPVGUYXX01,ELCGUYXX01,2041,0.57904161
GLOBAL,S1D4,PWRSPVGUYXX01,ELCGUYXX01,2042,0.58280162
GLOBAL,S1D4,PWRSPVGUYXX01,ELCGUYXX01,2043,0.58280162
GLOBAL,S1D4,PWRSPVGUYXX01,ELCGUYXX01,2044,0.58280162
GLOBAL,S1D4,PWRSPVGUYXX01,ELCGUYXX01,2045,0.58280162
GLOBAL,S1D4,PWRSPVGUYXX01,ELCGUYXX01,2046,0.58280162
GLOBAL,S1D4,PWRSPVGUYXX01,ELCGUYXX01,2047,0.58280162
GLOBAL,S1D4,PWRSPVGUYXX01,ELCGUYXX01,2048,0.58280162
GLOBAL,S1D4,PWRSPVGUYXX01,ELCGUYXX01,2049,0.58280162
GLOBAL,S1D4,PWRSPVGUYXX01,ELCGUYXX01,2050,0.58280162
GLOBAL,S1D4,PWRTRNGUYXX,ELCGUYXX02,2021,3.4548387
GLOBAL,S1D4,PWRTRNGUYXX,ELCGUYXX02,2022,3.4548387
GLOBAL,S1D4,PWRTRNGUYXX,ELCGUYXX02,2023,3.4548387
GLOBAL,S1D4,PWRTRNGUYXX,ELCGUYXX02,2024,3.4548387
GLOBAL,S1D4,PWRTRNGUYXX,ELCGUYXX02,2025,3.4548387
GLOBAL,S1D4,PWRTRNGUYXX,ELCGUYXX02,2026,3.4548387
GLOBAL,S1D4,PWRTRNGUYXX,ELCGUYXX02,2027,3.4548387
GLOBAL,S1D4,PWRTRNGUYXX,ELCGUYXX02,2028,3.4548387
GLOBAL,S1D4,PWRTRNGUYXX,ELCGUYXX02,2029,3.4548387
GLOBAL,S1D4,PWRTRNGUYXX,ELCGUYXX02,2030,3.4548387
GLOBAL,S1D4,PWRTRNGUYXX,ELCGUYXX02,2031,3.4548387
GLOBAL,S1D4,PWRTRNGUYXX,ELCGUYXX02,2032,3.4548387
GLOBAL,S1D4,PWRTRNGUYXX,ELCGUYXX02,2033,3.4548387
GLOBAL,S1D4,PWRTRNGUYXX,ELCGUYXX02,2034,3.4548387
GLOBAL,S1D4,PWRTRNGUYXX,ELCGUYXX02,2035,3.4548387
GLOBAL,S1D4,PWRTRNGUYXX,ELCGUYXX02,2036,3.4548387
GLOBAL,S1D4,PWRTRNGUYXX,ELCGUYXX02,2037,3.4548387
GLOBAL,S1D4,PWRTRNGUYXX,ELCGUYXX02,2038,3.4548387
GLOBAL,S1D4,PWRTRNGUYXX,ELCGUYXX02,2039,3.4548387
GLOBAL,S1D4,PWRTRNGUYXX,ELCGUYXX02,2040,3.4548387
GLOBAL,S1D4,PWRTRNGUYXX,ELCGUYXX02,2041,3.4774194
GLOBAL,S1D4,PWRTRNGUYXX,ELCGUYXX02,2042,3.5
GLOBAL,S1D4,PWRTRNGUYXX,ELCGUYXX02,2043,3.533871
GLOBAL,S1D4,PWRTRNGUYXX,ELCGUYXX02,2044,3.5564516
GLOBAL,S1D4,PWRTRNGUYXX,ELCGUYXX02,2045,3.5790323
GLOBAL,S1D4,PWRTRNGUYXX,ELCGUYXX02,2046,3.7145161
GLOBAL,S1D4,PWRTRNGUYXX,ELCGUYXX02,2047,3.8387097
GLOBAL,S1D4,PWRTRNGUYXX,ELCGUYXX02,2048,3.9629032
GLOBAL,S1D4,PWRTRNGUYXX,ELCGUYXX02,2049,4.0983871
GLOBAL,S1D4,PWRTRNGUYXX,ELCGUYXX02,2050,4.2225806
GLOBAL,S1D4,PWRWONGUYXX01,ELCGUYXX01,2021,0.077616403
GLOBAL,S1D4,PWRWONGUYXX01,ELCGUYXX01,2022,0.077616403
GLOBAL,S1D4,PWRWONGUYXX01,ELCGUYXX01,2023,0.077616403
GLOBAL,S1D4,PWRWONGUYXX01,ELCGUYXX01,2024,0.077616403
GLOBAL,S1D4,PWRWONGUYXX01,ELCGUYXX01,2025,0.077616403
GLOBAL,S1D4,PWRWONGUYXX01,ELCGUYXX01,2026,0.077616403
GLOBAL,S1D4,PWRWONGUYXX01,ELCGUYXX01,2027,0.077616403
GLOBAL,S1D4,PWRWONGUYXX01,ELCGUYXX01,2028,0.077616403
GLOBAL,S1D4,PWRWONGUYXX01,ELCGUYXX01,2029,0.077616403
GLOBAL,S1D4,PWRWONGUYXX01,ELCGUYXX01,2030,0.077616403
GLOBAL,S1D4,PWRWONGUYXX01,ELCGUYXX01,2031,0.077616403
GLOBAL,S1D4,PWRWONGUYXX01,ELCGUYXX01,2032,0.077616403
GLOBAL,S1D4,PWRWONGUYXX01,ELCGUYXX01,2033,0.077616403
GLOBAL,S1D4,PWRWONGUYXX01,ELCGUYXX01,2034,0.077616403
GLOBAL,S1D4,PWRWONGUYXX01,ELCGUYXX01,2035,0.077616403
GLOBAL,S1D4,PWRWONGUYXX01,ELCGUYXX01,2036,0.077616403
GLOBAL,S1D4,PWRWONGUYXX01,ELCGUYXX01,2037,0.077616403
GLOBAL,S1D4,PWRWONGUYXX01,ELCGUYXX01,2038,0.077616403
GLOBAL,S1D4,PWRWONGUYXX01,ELCGUYXX01,2039,0.077616403
GLOBAL,S1D4,RNWBIOGUYXX,BIOGUYXX,2021,2.6653652
GLOBAL,S1D4,RNWBIOGUYXX,BIOGUYXX,2022,2.6653652
GLOBAL,S1D4,RNWBIOGUYXX,BIOGUYXX,2023,2.6653652
GLOBAL,S1D4,RNWBIOGUYXX,BIOGUYXX,2024,2.6653652
GLOBAL,S1D4,RNWBIOGUYXX,BIOGUYXX,2025,2.6653652
GLOBAL,S1D4,RNWBIOGUYXX,BIOGUYXX,2026,2.6653652
GLOBAL,S1D4,RNWBIOGUYXX,BIOGUYXX,2027,2.6653652
GLOBAL,S1D4,RNWBIOGUYXX,BIOGUYXX,2028,2.6653652
GLOBAL,S1D4,RNWBIOGUYXX,BIOGUYXX,2029,2.6653652
GLOBAL,S1D4,RNWBIOGUYXX,BIOGUYXX,2030,2.6653652
GLOBAL,S1D4,RNWBIOGUYXX,BIOGUYXX,2031,2.6653652
GLOBAL,S1D4,RNWBIOGUYXX,BIOGUYXX,2032,2.6653652
GLOBAL,S1D4,RNWBIOGUYXX,BIOGUYXX,2033,2.6653652
GLOBAL,S1D4,RNWBIOGUYXX,BIOGUYXX,2034,2.6653652
GLOBAL,S1D4,RNWBIOGUYXX,BIOGUYXX,2035,2.6653652
GLOBAL,S1D4,RNWBIOGUYXX,BIOGUYXX,2036,2.6653652
GLOBAL,S1D4,RNWBIOGUYXX,BIOGUYXX,2037,2.6653652
GLOBAL,S1D4,RNWBIOGUYXX,BIOGUYXX,2038,2.6653652
GLOBAL,S1D4,RNWSPVGUYXX,SPVGUYXX,2021,0.5644997
GLOBAL,S1D4,RNWSPVGUYXX,SPVGUYXX,2022,0.5644997
GLOBAL,S1D4,RNWSPVGUYXX,SPVGUYXX,2023,0.5644997
GLOBAL,S1D4,RNWSPVGUYXX,SPVGUYXX,2024,0.5644997
GLOBAL,S1D4,RNWSPVGUYXX,SPVGUYXX,2025,0.5644997
GLOBAL,S1D4,RNWSPVGUYXX,SPVGUYXX,2026,0.5644997
GLOBAL,S1D4,RNWSPVGUYXX,SPVGUYXX,2027,0.5644997
GLOBAL,S1D4,RNWSPVGUYXX,SPVGUYXX,2028,0.5644997
GLOBAL,S1D4,RNWSPVGUYXX,SPVGUYXX,2029,0.5644997
GLOBAL,S1D4,RNWSPVGUYXX,SPVGUYXX,2030,0.5644997
GLOBAL,S1D4,RNWSPVGUYXX,SPVGUYXX,2031,0.5644997
GLOBAL,S1D4,RNWSPVGUYXX,SPVGUYXX,2032,0.5644997
GLOBAL,S1D4,RNWSPVGUYXX,SPVGUYXX,2033,0.5644997
GLOBAL,S1D4,RNWSPVGUYXX,SPVGUYXX,2034,0.5644997
GLOBAL,S1D4,RNWSPVGUYXX,SPVGUYXX,2035,0.5644997
GLOBAL,S1D4,RNWSPVGUYXX,SPVGUYXX,2036,0.5644997
GLOBAL,S1D4,RNWSPVGUYXX,SPVGUYXX,2037,0.5644997
GLOBAL,S1D4,RNWSPVGUYXX,SPVGUYXX,2038,0.5644997
GLOBAL,S1D4,RNWSPVGUYXX,SPVGUYXX,2039,0.5644997
GLOBAL,S1D4,RNWSPVGUYXX,SPVGUYXX,2040,0.5752816
GLOBAL,S1D4,RNWSPVGUYXX,SPVGUYXX,2041,0.57904161
GLOBAL,S1D4,RNWSPVGUYXX,SPVGUYXX,2042,0.58280162
GLOBAL,S1D4,RNWSPVGUYXX,SPVGUYXX,2043,0.58280162
GLOBAL,S1D4,RNWSPVGUYXX,SPVGUYXX,2044,0.58280162
GLOBAL,S1D4,RNWSPVGUYXX,SPVGUYXX,2045,0.58280162
GLOBAL,S1D4,RNWSPVGUYXX,SPVGUYXX,2046,0.58280162
GLOBAL,S1D4,RNWSPVGUYXX,SPVGUYXX,2047,0.58280162
GLOBAL,S1D4,RNWSPVGUYXX,SPVGUYXX,2048,0.58280162
GLOBAL,S1D4,RNWSPVGUYXX,SPVGUYXX,2049,0.58280162
GLOBAL,S1D4,RNWSPVGUYXX,SPVGUYXX,2050,0.58280162
GLOBAL,S1D4,RNWWONGUYXX,WONGUYXX,2021,0.077616403
GLOBAL,S1D4,RNWWONGUYXX,WONGUYXX,2022,0.077616403
GLOBAL,S1D4,RNWWONGUYXX,WONGUYXX,2023,0.077616403
GLOBAL,S1D4,RNWWONGUYXX,WONGUYXX,2024,0.077616403
GLOBAL,S1D4,RNWWONGUYXX,WONGUYXX,2025,0.077616403
GLOBAL,S1D4,RNWWONGUYXX,WONGUYXX,2026,0.077616403
GLOBAL,S1D4,RNWWONGUYXX,WONGUYXX,2027,0.077616403
GLOBAL,S1D4,RNWWONGUYXX,WONGUYXX,2028,0.077616403
GLOBAL,S1D4,RNWWONGUYXX,WONGUYXX,2029,0.077616403
GLOBAL,S1D4,RNWWONGUYXX,WONGUYXX,2030,0.077616403
GLOBAL,S1D4,RNWWONGUYXX,WONGUYXX,2031,0.077616403
GLOBAL,S1D4,RNWWONGUYXX,WONGUYXX,2032,0.077616403
GLOBAL,S1D4,RNWWONGUYXX,WONGUYXX,2033,0.077616403
GLOBAL,S1D4,RNWWONGUYXX,WONGUYXX,2034,0.077616403
GLOBAL,S1D4,RNWWONGUYXX,WONGUYXX,2035,0.077616403
GLOBAL,S1D4,RNWWONGUYXX,WONGUYXX,2036,0.077616403
GLOBAL,S1D4,RNWWONGUYXX,WONGUYXX,2037,0.077616403
GLOBAL,S1D4,RNWWONGUYXX,WONGUYXX,2038,0.077616403
GLOBAL,S1D4,RNWWONGUYXX,WONGUYXX,2039,0.077616403
GLOBAL,S2D1,MINGASINT,GASINT,2021,1.6847744
GLOBAL,S2D1,MINGASINT,GASINT,2022,1.6847744
GLOBAL,S2D1,MINGASINT,GASINT,2023,2.0904014
GLOBAL,S2D1,MINGASINT,GASINT,2024,1.6847744
GLOBAL,S2D1,MINGASINT,GASINT,2025,2.0904014
GLOBAL,S2D1,MINGASINT,GASINT,2026,2.0904014
GLOBAL,S2D1,MINGASINT,GASINT,2027,2.0904014
GLOBAL,S2D1,MINGASINT,GASINT,2028,2.0904014
GLOBAL,S2D1,MINGASINT,GASINT,2029,2.0904014
GLOBAL,S2D1,MINGASINT,GASINT,2030,2.0904014
GLOBAL,S2D1,MINGASINT,GASINT,2031,1.6847744
GLOBAL,S2D1,MINGASINT,GASINT,2032,2.0904014
GLOBAL,S2D1,MINGASINT,GASINT,2033,2.0904014
GLOBAL,S2D1,MINGASINT,GASINT,2034,1.6847744
GLOBAL,S2D1,MINGASINT,GASINT,2035,2.0904014
GLOBAL,S2D1,MINGASINT,GASINT,2036,1.6847744
GLOBAL,S2D1,MINGASINT,GASINT,2037,2.0904014
GLOBAL,S2D1,MINGASINT,GASINT,2038,2.0904014
GLOBAL,S2D1,MINGASINT,GASINT,2039,2.6308544
GLOBAL,S2D1,MINGASINT,GASINT,2040,2.6714286
GLOBAL,S2D1,MINGASINT,GASINT,2041,2.6888889
GLOBAL,S2D1,MINGASINT,GASINT,2042,2.7063492
GLOBAL,S2D1,MINGASINT,GASINT,2043,2.7325397
GLOBAL,S2D1,MINGASINT,GASINT,2044,2.75
GLOBAL,S2D1,MINGASINT,GASINT,2045,2.7674603
GLOBAL,S2D1,MINGASINT,GASINT,2046,2.8722222
GLOBAL,S2D1,MINGASINT,GASINT,2047,2.968254
GLOBAL,S2D1,MINGASINT,GASINT,2048,3.0642857
GLOBAL,S2D1,MINGASINT,GASINT,2049,3.1690476
GLOBAL,S2D1,MINGASINT,GASINT,2050,3.2650794
GLOBAL,S2D1,PWRBIOGUYXX01,ELCGUYXX01,2021,0.94608
GLOBAL,S2D1,PWRBIOGUYXX01,ELCGUYXX01,2022,0.94608
GLOBAL,S2D1,PWRBIOGUYXX01,ELCGUYXX01,2023,0.54045295
GLOBAL,S2D1,PWRBIOGUYXX01,ELCGUYXX01,2024,0.94608
GLOBAL,S2D1,PWRBIOGUYXX01,ELCGUYXX01,2025,0.54045295
GLOBAL,S2D1,PWRBIOGUYXX01,ELCGUYXX01,2026,0.54045295
GLOBAL,S2D1,PWRBIOGUYXX01,ELCGUYXX01,2027,0.54045295
GLOBAL,S2D1,PWRBIOGUYXX01,ELCGUYXX01,2028,0.54045295
GLOBAL,S2D1,PWRBIOGUYXX01,ELCGUYXX01,2029,0.54045295
GLOBAL,S2D1,PWRBIOGUYXX01,ELCGUYXX01,2030,0.54045295
GLOBAL,S2D1,PWRBIOGUYXX01,ELCGUYXX01,2031,0.94608
GLOBAL,S2D1,PWRBIOGUYXX01,ELCGUYXX01,2032,0.54045295
GLOBAL,S2D1,PWRBIOGUYXX01,ELCGUYXX01,2033,0.54045295
GLOBAL,S2D1,PWRBIOGUYXX01,ELCGUYXX01,2034,0.94608
GLOBAL,S2D1,PWRBIOGUYXX01,ELCGUYXX01,2035,0.54045295
GLOBAL,S2D1,PWRBIOGUYXX01,ELCGUYXX01,2036,0.94608
GLOBAL,S2D1,PWRBIOGUYXX01,ELCGUYXX01,2037,0.54045295
GLOBAL,S2D1,PWRBIOGUYXX01,ELCGUYXX01,2038,0.54045295
GLOBAL,S2D1,PWRCCGGUYXX01,ELCGUYXX01,2021,1.6847744
GLOBAL,S2D1,PWRCCGGUYXX01,ELCGUYXX01,2022,1.6847744
GLOBAL,S2D1,PWRCCGGUYXX01,ELCGUYXX01,2023,2.0904014
GLOBAL,S2D1,PWRCCGGUYXX01,ELCGUYXX01,2024,1.6847744
GLOBAL,S2D1,PWRCCGGUYXX01,ELCGUYXX01,2025,2.0904014
GLOBAL,S2D1,PWRCCGGUYXX01,ELCGUYXX01,2026,2.0904014
GLOBAL,S2D1,PWRCCGGUYXX01,ELCGUYXX01,2027,2.0904014
GLOBAL,S2D1,PWRCCGGUYXX01,ELCGUYXX01,2028,2.0904014
GLOBAL,S2D1,PWRCCGGUYXX01,ELCGUYXX01,2029,2.0904014
GLOBAL,S2D1,PWRCCGGUYXX01,ELCGUYXX01,2030,2.0904014
GLOBAL,S2D1,PWRCCGGUYXX01,ELCGUYXX01,2031,1.6847744
GLOBAL,S2D1,PWRCCGGUYXX01,ELCGUYXX01,2032,2.0904014
GLOBAL,S2D1,PWRCCGGUYXX01,ELCGUYXX01,2033,2.0904014
GLOBAL,S2D1,PWRCCGGUYXX01,ELCGUYXX01,2034,1.6847744
GLOBAL,S2D1,PWRCCGGUYXX01,ELCGUYXX01,2035,2.0904014
GLOBAL,S2D1,PWRCCGGUYXX01,ELCGUYXX01,2036,1.6847744
GLOBAL,S2D1,PWRCCGGUYXX01,ELCGUYXX01,2037,2.0904014
GLOBAL,S2D1,PWRCCGGUYXX01,ELCGUYXX01,2038,2.0904014
GLOBAL,S2D1,PWRCCGGUYXX01,ELCGUYXX01,2039,2.6308544
GLOBAL,S2D1,PWRCCGGUYXX01,ELCGUYXX01,2040,2.6714286
GLOBAL,S2D1,PWRCCGGUYXX01,ELCGUYXX01,2041,2.6888889
GLOBAL,S2D1,PWRCCGGUYXX01,ELCGUYXX01,2042,2.7063492
GLOBAL,S2D1,PWRCCGGUYXX01,ELCGUYXX01,2043,2.7325397
GLOBAL,S2D1,PWRCCGGUYXX01,ELCGUYXX01,2044,2.75
GLOBAL,S2D1,PWRCCGGUYXX01,ELCGUYXX01,2045,2.7674603
GLOBAL,S2D1,PWRCCGGUYXX01,ELCGUYXX01,2046,2.8722222
GLOBAL,S2D1,PWRCCGGUYXX01,ELCGUYXX01,2047,2.968254
GLOBAL,S2D1,PWRCCGGUYXX01,ELCGUYXX01,2048,3.0642857
GLOBAL,S2D1,PWRCCGGUYXX01,ELCGUYXX01,2049,3.1690476
GLOBAL,S2D1,PWRCCGGUYXX01,ELCGUYXX01,2050,3.2650794
GLOBAL,S2D1,PWRCCGGUYXX01,GASINT,2021,1.6847744
GLOBAL,S2D1,PWRCCGGUYXX01,GASINT,2022,1.6847744
GLOBAL,S2D1,PWRCCGGUYXX01,GASINT,2023,2.0904014
GLOBAL,S2D1,PWRCCGGUYXX01,GASINT,2024,1.6847744
GLOBAL,S2D1,PWRCCGGUYXX01,GASINT,2025,2.0904014
GLOBAL,S2D1,PWRCCGGUYXX01,GASINT,2026,2.0904014
GLOBAL,S2D1,PWRCCGGUYXX01,GASINT,2027,2.0904014
GLOBAL,S2D1,PWRCCGGUYXX01,GASINT,2028,2.0904014
GLOBAL,S2D1,PWRCCGGUYXX01,GASINT,2029,2.0904014
GLOBAL,S2D1,PWRCCGGUYXX01,GASINT,2030,2.0904014
GLOBAL,S2D1,PWRCCGGUYXX01,GASINT,2031,1.6847744
GLOBAL,S2D1,PWRCCGGUYXX01,GASINT,2032,2.0904014
GLOBAL,S2D1,PWRCCGGUYXX01,GASINT,2033,2.0904014
GLOBAL,S2D1,PWRCCGGUYXX01,GASINT,2034,1.6847744
GLOBAL,S2D1,PWRCCGGUYXX01,GASINT,2035,2.0904014
GLOBAL,S2D1,PWRCCGGUYXX01,GASINT,2036,1.6847744
GLOBAL,S2D1,PWRCCGGUYXX01,GASINT,2037,2.0904014
GLOBAL,S2D1,PWRCCGGUYXX01,GASINT,2038,2.0904014
GLOBAL,S2D1,PWRCCGGUYXX01,GASINT,2039,2.6308544
GLOBAL,S2D1,PWRCCGGUYXX01,GASINT,2040,2.6714286
GLOBAL,S2D1,PWRCCGGUYXX01,GASINT,2041,2.6888889
GLOBAL,S2D1,PWRCCGGUYXX01,GASINT,2042,2.7063492
GLOBAL,S2D1,PWRCCGGUYXX01,GASINT,2043,2.7325397
GLOBAL,S2D1,PWRCCGGUYXX01,GASINT,2044,2.75
GLOBAL,S2D1,PWRCCGGUYXX01,GASINT,2045,2.7674603
GLOBAL,S2D1,PWRCCGGUYXX01,GASINT,2046,2.8722222
GLOBAL,S2D1,PWRCCGGUYXX01,GASINT,2047,2.968254
GLOBAL,S2D1,PWRCCGGUYXX01,GASINT,2048,3.0642857
GLOBAL,S2D1,PWRCCGGUYXX01,GASINT,2049,3.1690476
GLOBAL,S2D1,PWRCCGGUYXX01,GASINT,2050,3.2650794
GLOBAL,S2D1,PWRTRNGUYXX,ELCGUYXX02,2021,2.6714286
GLOBAL,S2D1,PWRTRNGUYXX,ELCGUYXX02,2022,2.6714286
GLOBAL,S2D1,PWRTRNGUYXX,ELCGUYXX02,2023,2.6714286
GLOBAL,S2D1,PWRTRNGUYXX,ELCGUYXX02,2024,2.6714286
GLOBAL,S2D1,PWRTRNGUYXX,ELCGUYXX02,2025,2.6714286
GLOBAL,S2D1,PWRTRNGUYXX,ELCGUYXX02,2026,2.6714286
GLOBAL,S2D1,PWRTRNGUYXX,ELCGUYXX02,2027,2.6714286
GLOBAL,S2D1,PWRTRNGUYXX,ELCGUYXX02,2028,2.6714286
GLOBAL,S2D1,PWRTRNGUYXX,ELCGUYXX02,2029,2.6714286
GLOBAL,S2D1,PWRTRNGUYXX,ELCGUYXX02,2030,2.6714286
GLOBAL,S2D1,PWRTRNGUYXX,ELCGUYXX02,2031,2.6714286
GLOBAL,S2D1,PWRTRNGUYXX,ELCGUYXX02,2032,2.6714286
GLOBAL,S2D1,PWRTRNGUYXX,ELCGUYXX02,2033,2.6714286
GLOBAL,S2D1,PWRTRNGUYXX,ELCGUYXX02,2034,2.6714286
GLOBAL,S2D1,PWRTRNGUYXX,ELCGUYXX02,2035,2.6714286
GLOBAL,S2D1,PWRTRNGUYXX,ELCGUYXX02,2036,2.6714286
GLOBAL,S2D1,PWRTRNGUYXX,ELCGUYXX02,2037,2.6714286
GLOBAL,S2D1,PWRTRNGUYXX,ELCGUYXX02,2038,2.6714286
GLOBAL,S2D1,PWRTRNGUYXX,ELCGUYXX02,2039,2.6714286
GLOBAL,S2D1,PWRTRNGUYXX,ELCGUYXX02,2040,2.6714286
GLOBAL,S2D1,PWRTRNGUYXX,ELCGUYXX02,2041,2.6888889
GLOBAL,S2D1,PWRTRNGUYXX,ELCGUYXX02,2042,2.7063492
GLOBAL,S2D1,PWRTRNGUYXX,ELCGUYXX02,2043,2.7325397
GLOBAL,S2D1,PWRTRNGUYXX,ELCGUYXX02,2044,2.75
GLOBAL,S2D1,PWRTRNGUYXX,ELCGUYXX02,2045,2.7674603
GLOBAL,S2D1,PWRTRNGUYXX,ELCGUYXX02,2046,2.8722222
GLOBAL,S2D1,PWRTRNGUYXX,ELCGUYXX02,2047,2.968254
GLOBAL,S2D1,PWRTRNGUYXX,ELCGUYXX02,2048,3.0642857
GLOBAL,S2D1,PWRTRNGUYXX,ELCGUYXX02,2049,3.1690476
GLOBAL,S2D1,PWRTRNGUYXX,ELCGUYXX02,2050,3.2650794
GLOBAL,S2D1,PWRWONGUYXX01,ELCGUYXX01,2021,0.040574218
GLOBAL,S2D1,PWRWONGUYXX01,ELCGUYXX01,2022,0.040574218
GLOBAL,S2D1,PWRWONGUYXX01,ELCGUYXX01,2023,0.040574218
GLOBAL,S2D1,PWRWONGUYXX01,ELCGUYXX01,2024,0.040574218
GLOBAL,S2D1,PWRWONGUYXX01,ELCGUYXX01,2025,0.040574218
GLOBAL,S2D1,PWRWONGUYXX01,ELCGUYXX01,2026,0.040574218
GLOBAL,S2D1,PWRWONGUYXX01,ELCGUYXX01,2027,0.040574218
GLOBAL,S2D1,PWRWONGUYXX01,ELCGUYXX01,2028,0.040574218
GLOBAL,S2D1,PWRWONGUYXX01,ELCGUYXX01,2029,0.040574218
GLOBAL,S2D1,PWRWONGUYXX01,ELCGUYXX01,2030,0.040574218
GLOBAL,S2D1,PWRWONGUYXX01,ELCGUYXX01,2031,0.040574218
GLOBAL,S2D1,PWRWONGUYXX01,ELCGUYXX01,2032,0.040574218
GLOBAL,S2D1,PWRWONGUYXX01,ELCGUYXX01,2033,0.040574218
GLOBAL,S2D1,PWRWONGUYXX01,ELCGUYXX01,2034,0.040574218
GLOBAL,S2D1,PWRWONGUYXX01,ELCGUYXX01,2035,0.040574218
GLOBAL,S2D1,PWRWONGUYXX01,ELCGUYXX01,2036,0.040574218
GLOBAL,S2D1,PWRWONGUYXX01,ELCGUYXX01,2037,0.040574218
GLOBAL,S2D1,PWRWONGUYXX01,ELCGUYXX01,2038,0.040574218
GLOBAL,S2D1,PWRWONGUYXX01,ELCGUYXX01,2039,0.040574218
GLOBAL,S2D1,RNWBIOGUYXX,BIOGUYXX,2021,3.4910352
GLOBAL,S2D1,RNWBIOGUYXX,BIOGUYXX,2022,3.4910352
GLOBAL,S2D1,RNWBIOGUYXX,BIOGUYXX,2023,1.9942714
GLOBAL,S2D1,RNWBIOGUYXX,BIOGUYXX,2024,3.4910352
GLOBAL,S2D1,RNWBIOGUYXX,BIOGUYXX,2025,1.9942714
GLOBAL,S2D1,RNWBIOGUYXX,BIOGUYXX,2026,1.9942714
GLOBAL,S2D1,RNWBIOGUYXX,BIOGUYXX,2027,1.9942714
GLOBAL,S2D1,RNWBIOGUYXX,BIOGUYXX,2028,1.9942714
GLOBAL,S2D1,RNWBIOGUYXX,BIOGUYXX,2029,1.9942714
GLOBAL,S2D1,RNWBIOGUYXX,BIOGUYXX,2030,1.9942714
GLOBAL,S2D1,RNWBIOGUYXX,BIOGUYXX,2031,3.4910352
GLOBAL,S2D1,RNWBIOGUYXX,BIOGUYXX,2032,1.9942714
GLOBAL,S2D1,RNWBIOGUYXX,BIOGUYXX,2033,1.9942714
GLOBAL,S2D1,RNWBIOGUYXX,BIOGUYXX,2034,3.4910352
GLOBAL,S2D1,RNWBIOGUYXX,BIOGUYXX,2035,1.9942714
GLOBAL,S2D1,RNWBIOGUYXX,BIOGUYXX,2036,3.4910352
GLOBAL,S2D1,RNWBIOGUYXX,BIOGUYXX,2037,1.9942714
GLOBAL,S2D1,RNWBIOGUYXX,BIOGUYXX,2038,1.9942714
GLOBAL,S2D1,RNWWONGUYXX,WONGUYXX,2021,0.040574218
GLOBAL,S2D1,RNWWONGUYXX,WONGUYXX,2022,0.040574218
GLOBAL,S2D1,RNWWONGUYXX,WONGUYXX,2023,0.040574218
GLOBAL,S2D1,RNWWONGUYXX,WONGUYXX,2024,0.040574218
GLOBAL,S2D1,RNWWONGUYXX,WONGUYXX,2025,0.040574218
GLOBAL,S2D1,RNWWONGUYXX,WONGUYXX,2026,0.040574218
GLOBAL,S2D1,RNWWONGUYXX,WONGUYXX,2027,0.040574218
GLOBAL,S2D1,RNWWONGUYXX,WONGUYXX,2028,0.040574218
GLOBAL,S2D1,RNWWONGUYXX,WONGUYXX,2029,0.040574218
GLOBAL,S2D1,RNWWONGUYXX,WONGUYXX,2030,0.040574218
GLOBAL,S2D1,RNWWONGUYXX,WONGUYXX,2031,0.040574218
GLOBAL,S2D1,RNWWONGUYXX,WONGUYXX,2032,0.040574218
GLOBAL,S2D1,RNWWONGUYXX,WONGUYXX,2033,0.040574218
GLOBAL,S2D1,RNWWONGUYXX,WONGUYXX,2034,0.040574218
GLOBAL,S2D1,RNWWONGUYXX,WONGUYXX,2035,0.040574218
GLOBAL,S2D1,RNWWONGUYXX,WONGUYXX,2036,0.040574218
GLOBAL,S2D1,RNWWONGUYXX,WONGUYXX,2037,0.040574218
GLOBAL,S2D1,RNWWONGUYXX,WONGUYXX,2038,0.040574218
GLOBAL,S2D1,RNWWONGUYXX,WONGUYXX,2039,0.040574218
GLOBAL,S2D2,MINGASINT,GASINT,2021,1.3798283
GLOBAL,S2D2,MINGASINT,GASINT,2022,1.3798283
GLOBAL,S2D2,MINGASINT,GASINT,2023,1.022124
GLOBAL,S2D2,MINGASINT,GASINT,2024,1.3798283
GLOBAL,S2D2,MINGASINT,GASINT,2025,1.9052641
GLOBAL,S2D2,MINGASINT,GASINT,2026,1.9052641
GLOBAL,S2D2,MINGASINT,GASINT,2027,1.022124
GLOBAL,S2D2,MINGASINT,GASINT,2028,1.968204
GLOBAL,S2D2,MINGASINT,GASINT,2029,1.968204
GLOBAL,S2D2,MINGASINT,GASINT,2030,1.022124
GLOBAL,S2D2,MINGASINT,GASINT,2031,1.3798283
GLOBAL,S2D2,MINGASINT,GASINT,2032,1.9052641
GLOBAL,S2D2,MINGASINT,GASINT,2033,1.022124
GLOBAL,S2D2,MINGASINT,GASINT,2034,1.3798283
GLOBAL,S2D2,MINGASINT,GASINT,2035,1.022124
GLOBAL,S2D2,MINGASINT,GASINT,2036,1.3798283
GLOBAL,S2D2,MINGASINT,GASINT,2037,1.9052641
GLOBAL,S2D2,MINGASINT,GASINT,2038,1.9052641
GLOBAL,S2D2,MINGASINT,GASINT,2039,1.968204
GLOBAL,S2D2,MINGASINT,GASINT,2040,1.993827
GLOBAL,S2D2,MINGASINT,GASINT,2041,2.0068585
GLOBAL,S2D2,MINGASINT,GASINT,2042,2.0198901
GLOBAL,S2D2,MINGASINT,GASINT,2043,2.0460806
GLOBAL,S2D2,MINGASINT,GASINT,2044,2.0635409
GLOBAL,S2D2,MINGASINT,GASINT,2045,2.0810012
GLOBAL,S2D2,MINGASINT,GASINT,2046,2.1857631
GLOBAL,S2D2,MINGASINT,GASINT,2047,2.2817948
GLOBAL,S2D2,MINGASINT,GASINT,2048,2.3778266
GLOBAL,S2D2,MINGASINT,GASINT,2049,2.4825885
GLOBAL,S2D2,MINGASINT,GASINT,2050,2.5786202
GLOBAL,S2D2,PWRBIOGUYXX01,ELCGUYXX01,2021,0.58837576
GLOBAL,S2D2,PWRBIOGUYXX01,ELCGUYXX01,2022,0.58837576
GLOBAL,S2D2,PWRBIOGUYXX01,ELCGUYXX01,2023,0.94608
GLOBAL,S2D2,PWRBIOGUYXX01,ELCGUYXX01,2024,0.58837576
GLOBAL,S2D2,PWRBIOGUYXX01,ELCGUYXX01,2025,0.062939954
GLOBAL,S2D2,PWRBIOGUYXX01,ELCGUYXX01,2026,0.062939954
GLOBAL,S2D2,PWRBIOGUYXX01,ELCGUYXX01,2027,0.94608
GLOBAL,S2D2,PWRBIOGUYXX01,ELCGUYXX01,2030,0.94608
GLOBAL,S2D2,PWRBIOGUYXX01,ELCGUYXX01,2031,0.58837576
GLOBAL,S2D2,PWRBIOGUYXX01,ELCGUYXX01,2032,0.062939954
GLOBAL,S2D2,PWRBIOGUYXX01,ELCGUYXX01,2033,0.94608
GLOBAL,S2D2,PWRBIOGUYXX01,ELCGUYXX01,2034,0.58837576
GLOBAL,S2D2,PWRBIOGUYXX01,ELCGUYXX01,2035,0.94608
GLOBAL,S2D2,PWRBIOGUYXX01,ELCGUYXX01,2036,0.58837576
GLOBAL,S2D2,PWRBIOGUYXX01,ELCGUYXX01,2037,0.062939954
GLOBAL,S2D2,PWRBIOGUYXX01,ELCGUYXX01,2038,0.062939954
GLOBAL,S2D2,PWRCCGGUYXX01,ELCGUYXX01,2021,1.3798283
GLOBAL,S2D2,PWRCCGGUYXX01,ELCGUYXX01,2022,1.3798283
GLOBAL,S2D2,PWRCCGGUYXX01,ELCGUYXX01,2023,1.022124
GLOBAL,S2D2,PWRCCGGUYXX01,ELCGUYXX01,2024,1.3798283
GLOBAL,S2D2,PWRCCGGUYXX01,ELCGUYXX01,2025,1.9052641
GLOBAL,S2D2,PWRCCGGUYXX01,ELCGUYXX01,2026,1.9052641
GLOBAL,S2D2,PWRCCGGUYXX01,ELCGUYXX01,2027,1.022124
GLOBAL,S2D2,PWRCCGGUYXX01,ELCGUYXX01,2028,1.968204
GLOBAL,S2D2,PWRCCGGUYXX01,ELCGUYXX01,2029,1.968204
GLOBAL,S2D2,PWRCCGGUYXX01,ELCGUYXX01,2030,1.022124
GLOBAL,S2D2,PWRCCGGUYXX01,ELCGUYXX01,2031,1.3798283
GLOBAL,S2D2,PWRCCGGUYXX01,ELCGUYXX01,2032,1.9052641
GLOBAL,S2D2,PWRCCGGUYXX01,ELCGUYXX01,2033,1.022124
GLOBAL,S2D2,PWRCCGGUYXX01,ELCGUYXX01,2034,1.3798283
GLOBAL,S2D2,PWRCCGGUYXX01,ELCGUYXX01,2035,1.022124
GLOBAL,S2D2,PWRCCGGUYXX01,ELCGUYXX01,2036,1.3798283
GLOBAL,S2D2,PWRCCGGUYXX01,ELCGUYXX01,2037,1.9052641
GLOBAL,S2D2,PWRCCGGUYXX01,ELCGUYXX01,2038,1.9052641
GLOBAL,S2D2,PWRCCGGUYXX01,ELCGUYXX01,2039,1.968204
GLOBAL,S2D2,PWRCCGGUYXX01,ELCGUYXX01,2040,1.993827
GLOBAL,S2D2,PWRCCGGUYXX01,ELCGUYXX01,2041,2.0068585
GLOBAL,S2D2,PWRCCGGUYXX01,ELCGUYXX01,2042,2.0198901
GLOBAL,S2D2,PWRCCGGUYXX01,ELCGUYXX01,2043,2.0460806
GLOBAL,S2D2,PWRCCGGUYXX01,ELCGUYXX01,2044,2.0635409
GLOBAL,S2D2,PWRCCGGUYXX01,ELCGUYXX01,2045,2.0810012
GLOBAL,S2D2,PWRCCGGUYXX01,ELCGUYXX01,2046,2.1857631
GLOBAL,S2D2,PWRCCGGUYXX01,ELCGUYXX01,2047,2.2817948
GLOBAL,S2D2,PWRCCGGUYXX01,ELCGUYXX01,2048,2.3778266
GLOBAL,S2D2,PWRCCGGUYXX01,ELCGUYXX01,2049,2.4825885
GLOBAL,S2D2,PWRCCGGUYXX01,ELCGUYXX01,2050,2.5786202
GLOBAL,S2D2,PWRCCGGUYXX01,GASINT,2021,1.3798283
GLOBAL,S2D2,PWRCCGGUYXX01,GASINT,2022,1.3798283
GLOBAL,S2D2,PWRCCGGUYXX01,GASINT,2023,1.022124
GLOBAL,S2D2,PWRCCGGUYXX01,GASINT,2024,1.3798283
GLOBAL,S2D2,PWRCCGGUYXX01,GASINT,2025,1.9052641
GLOBAL,S2D2,PWRCCGGUYXX01,GASINT,2026,1.9052641
GLOBAL,S2D2,PWRCCGGUYXX01,GASINT,2027,1.022124
GLOBAL,S2D2,PWRCCGGUYXX01,GASINT,2028,1.968204
GLOBAL,S2D2,PWRCCGGUYXX01,GASINT,2029,1.968204
GLOBAL,S2D2,PWRCCGGUYXX01,GASINT,2030,1.022124
GLOBAL,S2D2,PWRCCGGUYXX01,GASINT,2031,1.3798283
GLOBAL,S2D2,PWRCCGGUYXX01,GASINT,2032,1.9052641
GLOBAL,S2D2,PWRCCGGUYXX01,GASINT,2033,1.022124
GLOBAL,S2D2,PWRCCGGUYXX01,GASINT,2034,1.3798283
GLOBAL,S2D2,PWRCCGGUYXX01,GASINT,2035,1.022124
GLOBAL,S2D2,PWRCCGGUYXX01,GASINT,2036,1.3798283
GLOBAL,S2D2,PWRCCGGUYXX01,GASINT,2037,1.9052641
GLOBAL,S2D2,PWRCCGGUYXX01,GASINT,2038,1.9052641
GLOBAL,S2D2,PWRCCGGUYXX01,GASINT,2039,1.968204
GLOBAL,S2D2,PWRCCGGUYXX01,GASINT,2040,1.993827
GLOBAL,S2D2,PWRCCGGUYXX01,GASINT,2041,2.0068585
GLOBAL,S2D2,PWRCCGGUYXX01,GASINT,2042,2.0198901
GLOBAL,S2D2,PWRCCGGUYXX01,GASINT,2043,2.0460806
GLOBAL,S2D2,PWRCCGGUYXX01,GASINT,2044,2.0635409
GLOBAL,S2D2,PWRCCGGUYXX01,GASINT,2045,2.0810012
GLOBAL,S2D2,PWRCCGGUYXX01,GASINT,2046,2.1857631
GLOBAL,S2D2,PWRCCGGUYXX01,GASINT,2047,2.2817948
GLOBAL,S2D2,PWRCCGGUYXX01,GASINT,2048,2.3778266
GLOBAL,S2D2,PWRCCGGUYXX01,GASINT,2049,2.4825885
GLOBAL,S2D2,PWRCCGGUYXX01,GASINT,2050,2.5786202
GLOBAL,S2D2,PWRSPVGUYXX01,ELCGUYXX01,2021,0.66490201
GLOBAL,S2D2,PWRSPVGUYXX01,ELCGUYXX01,2022,0.66490201
GLOBAL,S2D2,PWRSPVGUYXX01,ELCGUYXX01,2023,0.66490201
GLOBAL,S2D2,PWRSPVGUYXX01,ELCGUYXX01,2024,0.66490201
GLOBAL,S2D2,PWRSPVGUYXX01,ELCGUYXX01,2025,0.66490201
GLOBAL,S2D2,PWRSPVGUYXX01,ELCGUYXX01,2026,0.66490201
GLOBAL,S2D2,PWRSPVGUYXX01,ELCGUYXX01,2027,0.66490201
GLOBAL,S2D2,PWRSPVGUYXX01,ELCGUYXX01,2028,0.66490201
GLOBAL,S2D2,PWRSPVGUYXX01,ELCGUYXX01,2029,0.66490201
GLOBAL,S2D2,PWRSPVGUYXX01,ELCGUYXX01,2030,0.66490201
GLOBAL,S2D2,PWRSPVGUYXX01,ELCGUYXX01,2031,0.66490201
GLOBAL,S2D2,PWRSPVGUYXX01,ELCGUYXX01,2032,0.66490201
GLOBAL,S2D2,PWRSPVGUYXX01,ELCGUYXX01,2033,0.66490201
GLOBAL,S2D2,PWRSPVGUYXX01,ELCGUYXX01,2034,0.66490201
GLOBAL,S2D2,PWRSPVGUYXX01,ELCGUYXX01,2035,0.66490201
GLOBAL,S2D2,PWRSPVGUYXX01,ELCGUYXX01,2036,0.66490201
GLOBAL,S2D2,PWRSPVGUYXX01,ELCGUYXX01,2037,0.66490201
GLOBAL,S2D2,PWRSPVGUYXX01,ELCGUYXX01,2038,0.66490201
GLOBAL,S2D2,PWRSPVGUYXX01,ELCGUYXX01,2039,0.66490201
GLOBAL,S2D2,PWRSPVGUYXX01,ELCGUYXX01,2040,0.67760159
GLOBAL,S2D2,PWRSPVGUYXX01,ELCGUYXX01,2041,0.68203036
GLOBAL,S2D2,PWRSPVGUYXX01,ELCGUYXX01,2042,0.68645912
GLOBAL,S2D2,PWRSPVGUYXX01,ELCGUYXX01,2043,0.68645912
GLOBAL,S2D2,PWRSPVGUYXX01,ELCGUYXX01,2044,0.68645912
GLOBAL,S2D2,PWRSPVGUYXX01,ELCGUYXX01,2045,0.68645912
GLOBAL,S2D2,PWRSPVGUYXX01,ELCGUYXX01,2046,0.68645912
GLOBAL,S2D2,PWRSPVGUYXX01,ELCGUYXX01,2047,0.68645912
GLOBAL,S2D2,PWRSPVGUYXX01,ELCGUYXX01,2048,0.68645912
GLOBAL,S2D2,PWRSPVGUYXX01,ELCGUYXX01,2049,0.68645912
GLOBAL,S2D2,PWRSPVGUYXX01,ELCGUYXX01,2050,0.68645912
GLOBAL,S2D2,PWRTRNGUYXX,ELCGUYXX02,2021,2.6714286
GLOBAL,S2D2,PWRTRNGUYXX,ELCGUYXX02,2022,2.6714286
GLOBAL,S2D2,PWRTRNGUYXX,ELCGUYXX02,2023,2.6714286
GLOBAL,S2D2,PWRTRNGUYXX,ELCGUYXX02,2024,2.6714286
GLOBAL,S2D2,PWRTRNGUYXX,ELCGUYXX02,2025,2.6714286
GLOBAL,S2D2,PWRTRNGUYXX,ELCGUYXX02,2026,2.6714286
GLOBAL,S2D2,PWRTRNGUYXX,ELCGUYXX02,2027,2.6714286
GLOBAL,S2D2,PWRTRNGUYXX,ELCGUYXX02,2028,2.6714286
GLOBAL,S2D2,PWRTRNGUYXX,ELCGUYXX02,2029,2.6714286
GLOBAL,S2D2,PWRTRNGUYXX,ELCGUYXX02,2030,2.6714286
GLOBAL,S2D2,PWRTRNGUYXX,ELCGUYXX02,2031,2.6714286
GLOBAL,S2D2,PWRTRNGUYXX,ELCGUYXX02,2032,2.6714286
GLOBAL,S2D2,PWRTRNGUYXX,ELCGUYXX02,2033,2.6714286
GLOBAL,S2D2,PWRTRNGUYXX,ELCGUYXX02,2034,2.6714286
GLOBAL,S2D2,PWRTRNGUYXX,ELCGUYXX02,2035,2.6714286
GLOBAL,S2D2,PWRTRNGUYXX,ELCGUYXX02,2036,2.6714286
GLOBAL,S2D2,PWRTRNGUYXX,ELCGUYXX02,2037,2.6714286
GLOBAL,S2D2,PWRTRNGUYXX,ELCGUYXX02,2038,2.6714286
GLOBAL,S2D2,PWRTRNGUYXX,ELCGUYXX02,2039,2.6714286
GLOBAL,S2D2,PWRTRNGUYXX,ELCGUYXX02,2040,2.6714286
GLOBAL,S2D2,PWRTRNGUYXX,ELCGUYXX02,2041,2.6888889
GLOBAL,S2D2,PWRTRNGUYXX,ELCGUYXX02,2042,2.7063492
GLOBAL,S2D2,PWRTRNGUYXX,ELCGUYXX02,2043,2.7325397
GLOBAL,S2D2,PWRTRNGUYXX,ELCGUYXX02,2044,2.75
GLOBAL,S2D2,PWRTRNGUYXX,ELCGUYXX02,2045,2.7674603
GLOBAL,S2D2,PWRTRNGUYXX,ELCGUYXX02,2046,2.8722222
GLOBAL,S2D2,PWRTRNGUYXX,ELCGUYXX02,2047,2.968254
GLOBAL,S2D2,PWRTRNGUYXX,ELCGUYXX02,2048,3.0642857
GLOBAL,S2D2,PWRTRNGUYXX,ELCGUYXX02,2049,3.1690476
GLOBAL,S2D2,PWRTRNGUYXX,ELCGUYXX02,2050,3.2650794
GLOBAL,S2D2,PWRWONGUYXX01,ELCGUYXX01,2021,0.038322547
GLOBAL,S2D2,PWRWONGUYXX01,ELCGUYXX01,2022,0.038322547
GLOBAL,S2D2,PWRWONGUYXX01,ELCGUYXX01,2023,0.038322547
GLOBAL,S2D2,PWRWONGUYXX01,ELCGUYXX01,2024,0.038322547
GLOBAL,S2D2,PWRWONGUYXX01,ELCGUYXX01,2025,0.038322547
GLOBAL,S2D2,PWRWONGUYXX01,ELCGUYXX01,2026,0.038322547
GLOBAL,S2D2,PWRWONGUYXX01,ELCGUYXX01,2027,0.038322547
GLOBAL,S2D2,PWRWONGUYXX01,ELCGUYXX01,2028,0.038322547
GLOBAL,S2D2,PWRWONGUYXX01,ELCGUYXX01,2029,0.038322547
GLOBAL,S2D2,PWRWONGUYXX01,ELCGUYXX01,2030,0.038322547
GLOBAL,S2D2,PWRWONGUYXX01,ELCGUYXX01,2031,0.038322547
GLOBAL,S2D2,PWRWONGUYXX01,ELCGUYXX01,2032,0.038322547
GLOBAL,S2D2,PWRWONGUYXX01,ELCGUYXX01,2033,0.038322547
GLOBAL,S2D2,PWRWONGUYXX01,ELCGUYXX01,2034,0.038322547
GLOBAL,S2D2,PWRWONGUYXX01,ELCGUYXX01,2035,0.038322547
GLOBAL,S2D2,PWRWONGUYXX01,ELCGUYXX01,2036,0.038322547
GLOBAL,S2D2,PWRWONGUYXX01,ELCGUYXX01,2037,0.038322547
GLOBAL,S2D2,PWRWONGUYXX01,ELCGUYXX01,2038,0.038322547
GLOBAL,S2D2,PWRWONGUYXX01,ELCGUYXX01,2039,0.038322547
GLOBAL,S2D2,RNWBIOGUYXX,BIOGUYXX,2021,2.1711066
GLOBAL,S2D2,RNWBIOGUYXX,BIOGUYXX,2022,2.1711066
GLOBAL,S2D2,RNWBIOGUYXX,BIOGUYXX,2023,3.4910352
GLOBAL,S2D2,RNWBIOGUYXX,BIOGUYXX,2024,2.1711066
GLOBAL,S2D2,RNWBIOGUYXX,BIOGUYXX,2025,0.23224843
GLOBAL,S2D2,RNWBIOGUYXX,BIOGUYXX,2026,0.23224843
GLOBAL,S2D2,RNWBIOGUYXX,BIOGUYXX,2027,3.4910352
GLOBAL,S2D2,RNWBIOGUYXX,BIOGUYXX,2030,3.4910352
GLOBAL,S2D2,RNWBIOGUYXX,BIOGUYXX,2031,2.1711066
GLOBAL,S2D2,RNWBIOGUYXX,BIOGUYXX,2032,0.23224843
GLOBAL,S2D2,RNWBIOGUYXX,BIOGUYXX,2033,3.4910352
GLOBAL,S2D2,RNWBIOGUYXX,BIOGUYXX,2034,2.1711066
GLOBAL,S2D2,RNWBIOGUYXX,BIOGUYXX,2035,3.4910352
GLOBAL,S2D2,RNWBIOGUYXX,BIOGUYXX,2036,2.1711066
GLOBAL,S2D2,RNWBIOGUYXX,BIOGUYXX,2037,0.23224843
GLOBAL,S2D2,RNWBIOGUYXX,BIOGUYXX,2038,0.23224843
GLOBAL,S2D2,RNWSPVGUYXX,SPVGUYXX,2021,0.66490201
GLOBAL,S2D2,RNWSPVGUYXX,SPVGUYXX,2022,0.66490201
GLOBAL,S2D2,RNWSPVGUYXX,SPVGUYXX,2023,0.66490201
GLOBAL,S2D2,RNWSPVGUYXX,SPVGUYXX,2024,0.66490201
GLOBAL,S2D2,RNWSPVGUYXX,SPVGUYXX,2025,0.66490201
GLOBAL,S2D2,RNWSPVGUYXX,SPVGUYXX,2026,0.66490201
GLOBAL,S2D2,RNWSPVGUYXX,SPVGUYXX,2027,0.66490201
GLOBAL,S2D2,RNWSPVGUYXX,SPVGUYXX,2028,0.66490201
GLOBAL,S2D2,RNWSPVGUYXX,SPVGUYXX,2029,0.66490201
GLOBAL,S2D2,RNWSPVGUYXX,SPVGUYXX,2030,0.66490201
GLOBAL,S2D2,RNWSPVGUYXX,SPVGUYXX,2031,0.66490201
GLOBAL,S2D2,RNWSPVGUYXX,SPVGUYXX,2032,0.66490201
GLOBAL,S2D2,RNWSPVGUYXX,SPVGUYXX,2033,0.66490201
GLOBAL,S2D2,RNWSPVGUYXX,SPVGUYXX,2034,0.66490201
GLOBAL,S2D2,RNWSPVGUYXX,SPVGUYXX,2035,0.66490201
GLOBAL,S2D2,RNWSPVGUYXX,SPVGUYXX,2036,0.66490201
GLOBAL,S2D2,RNWSPVGUYXX,SPVGUYXX,2037,0.66490201
GLOBAL,S2D2,RNWSPVGUYXX,SPVGUYXX,2038,0.66490201
GLOBAL,S2D2,RNWSPVGUYXX,SPVGUYXX,2039,0.66490201
GLOBAL,S2D2,RNWSPVGUYXX,SPVGUYXX,2040,0.67760159
GLOBAL,S2D2,RNWSPVGUYXX,SPVGUYXX,2041,0.68203036
GLOBAL,S2D2,RNWSPVGUYXX,SPVGUYXX,2042,0.68645912
GLOBAL,S2D2,RNWSPVGUYXX,SPVGUYXX,2043,0.68645912
GLOBAL,S2D2,RNWSPVGUYXX,SPVGUYXX,2044,0.68645912
GLOBAL,S2D2,RNWSPVGUYXX,SPVGUYXX,2045,0.68645912
GLOBAL,S2D2,RNWSPVGUYXX,SPVGUYXX,2046,0.68645912
GLOBAL,S2D2,RNWSPVGUYXX,SPVGUYXX,2047,0.68645912
GLOBAL,S2D2,RNWSPVGUYXX,SPVGUYXX,2048,0.68645912
GLOBAL,S2D2,RNWSPVGUYXX,SPVGUYXX,2049,0.68645912
GLOBAL,S2D2,RNWSPVGUYXX,SPVGUYXX,2050,0.68645912
GLOBAL,S2D2,RNWWONGUYXX,WONGUYXX,2021,0.038322547
GLOBAL,S2D2,RNWWONGUYXX,WONGUYXX,2022,0.038322547
GLOBAL,S2D2,RNWWONGUYXX,WONGUYXX,2023,0.038322547
GLOBAL,S2D2,RNWWONGUYXX,WONGUYXX,2024,0.038322547
GLOBAL,S2D2,RNWWONGUYXX,WONGUYXX,2025,0.038322547
GLOBAL,S2D2,RNWWONGUYXX,WONGUYXX,2026,0.038322547
GLOBAL,S2D2,RNWWONGUYXX,WONGUYXX,2027,0.038322547
GLOBAL,S2D2,RNWWONGUYXX,WONGUYXX,2028,0.038322547
GLOBAL,S2D2,RNWWONGUYXX,WONGUYXX,2029,0.038322547
GLOBAL,S2D2,RNWWONGUYXX,WONGUYXX,2030,0.038322547
GLOBAL,S2D2,RNWWONGUYXX,WONGUYXX,2031,0.038322547
GLOBAL,S2D2,RNWWONGUYXX,WONGUYXX,2032,0.038322547
GLOBAL,S2D2,RNWWONGUYXX,WONGUYXX,2033,0.038322547
GLOBAL,S2D2,RNWWONGUYXX,WONGUYXX,2034,0.038322547
GLOBAL,S2D2,RNWWONGUYXX,WONGUYXX,2035,0.038322547
GLOBAL,S2D2,RNWWONGUYXX,WONGUYXX,2036,0.038322547
GLOBAL,S2D2,RNWWONGUYXX,WONGUYXX,2037,0.038322547
GLOBAL,S2D2,RNWWONGUYXX,WONGUYXX,2038,0.038322547
GLOBAL,S2D2,RNWWONGUYXX,WONGUYXX,2039,0.038322547
GLOBAL,S2D3,MINGASINT,GASINT,2043,0.061904762
GLOBAL,S2D3,MINGASINT,GASINT,2045,0.14444444
GLOBAL,S2D3,MINGASINT,GASINT,2046,0.39206349
GLOBAL,S2D3,MINGASINT,GASINT,2047,0.61904762
GLOBAL,S2D3,MINGASINT,GASINT,2049,0.0026948468
GLOBAL,S2D3,MINGASINT,GASINT,2050,1.1065205
GLOBAL,S2D3,PWRCCGGUYXX01,ELCGUYXX01,2043,0.061904762
GLOBAL,S2D3,PWRCCGGUYXX01,ELCGUYXX01,2045,0.14444444
GLOBAL,S2D3,PWRCCGGUYXX01,ELCGUYXX01,2046,0.39206349
GLOBAL,S2D3,PWRCCGGUYXX01,ELCGUYXX01,2047,0.61904762
GLOBAL,S2D3,PWRCCGGUYXX01,ELCGUYXX01,2049,0.0026948468
GLOBAL,S2D3,PWRCCGGUYXX01,ELCGUYXX01,2050,1.1065205
GLOBAL,S2D3,PWRCCGGUYXX01,GASINT,2043,0.061904762
GLOBAL,S2D3,PWRCCGGUYXX01,GASINT,2045,0.14444444
GLOBAL,S2D3,PWRCCGGUYXX01,GASINT,2046,0.39206349
GLOBAL,S2D3,PWRCCGGUYXX01,GASINT,2047,0.61904762
GLOBAL,S2D3,PWRCCGGUYXX01,GASINT,2049,0.0026948468
GLOBAL,S2D3,PWRCCGGUYXX01,GASINT,2050,1.1065205
GLOBAL,S2D3,PWRSPVGUYXX01,ELCGUYXX01,2021,3.0963036
GLOBAL,S2D3,PWRSPVGUYXX01,ELCGUYXX01,2022,3.0963036
GLOBAL,S2D3,PWRSPVGUYXX01,ELCGUYXX01,2023,3.0963036
GLOBAL,S2D3,PWRSPVGUYXX01,ELCGUYXX01,2024,3.0963036
GLOBAL,S2D3,PWRSPVGUYXX01,ELCGUYXX01,2025,3.0963036
GLOBAL,S2D3,PWRSPVGUYXX01,ELCGUYXX01,2026,3.0963036
GLOBAL,S2D3,PWRSPVGUYXX01,ELCGUYXX01,2027,3.0963036
GLOBAL,S2D3,PWRSPVGUYXX01,ELCGUYXX01,2028,3.0963036
GLOBAL,S2D3,PWRSPVGUYXX01,ELCGUYXX01,2029,3.0963036
GLOBAL,S2D3,PWRSPVGUYXX01,ELCGUYXX01,2030,3.1428191
GLOBAL,S2D3,PWRSPVGUYXX01,ELCGUYXX01,2031,3.1428191
GLOBAL,S2D3,PWRSPVGUYXX01,ELCGUYXX01,2032,3.1428191
GLOBAL,S2D3,PWRSPVGUYXX01,ELCGUYXX01,2033,3.1428191
GLOBAL,S2D3,PWRSPVGUYXX01,ELCGUYXX01,2034,3.1428191
GLOBAL,S2D3,PWRSPVGUYXX01,ELCGUYXX01,2035,3.1428191
GLOBAL,S2D3,PWRSPVGUYXX01,ELCGUYXX01,2036,3.1428191
GLOBAL,S2D3,PWRSPVGUYXX01,ELCGUYXX01,2037,3.1428191
GLOBAL,S2D3,PWRSPVGUYXX01,ELCGUYXX01,2038,3.1428191
GLOBAL,S2D3,PWRSPVGUYXX01,ELCGUYXX01,2039,3.0963036
GLOBAL,S2D3,PWRSPVGUYXX01,ELCGUYXX01,2040,3.1571429
GLOBAL,S2D3,PWRSPVGUYXX01,ELCGUYXX01,2041,3.1777778
GLOBAL,S2D3,PWRSPVGUYXX01,ELCGUYXX01,2042,3.1984127
GLOBAL,S2D3,PWRSPVGUYXX01,ELCGUYXX01,2043,3.1674603
GLOBAL,S2D3,PWRSPVGUYXX01,ELCGUYXX01,2044,3.25
GLOBAL,S2D3,PWRSPVGUYXX01,ELCGUYXX01,2045,3.1261905
GLOBAL,S2D3,PWRSPVGUYXX01,ELCGUYXX01,2046,3.002381
GLOBAL,S2D3,PWRSPVGUYXX01,ELCGUYXX01,2047,2.8888889
GLOBAL,S2D3,PWRSPVGUYXX01,ELCGUYXX01,2048,3.6214286
GLOBAL,S2D3,PWRSPVGUYXX01,ELCGUYXX01,2049,3.7425432
GLOBAL,S2D3,PWRSPVGUYXX01,ELCGUYXX01,2050,2.7522097
GLOBAL,S2D3,PWRTRNGUYXX,ELCGUYXX02,2021,3.1571429
GLOBAL,S2D3,PWRTRNGUYXX,ELCGUYXX02,2022,3.1571429
GLOBAL,S2D3,PWRTRNGUYXX,ELCGUYXX02,2023,3.1571429
GLOBAL,S2D3,PWRTRNGUYXX,ELCGUYXX02,2024,3.1571429
GLOBAL,S2D3,PWRTRNGUYXX,ELCGUYXX02,2025,3.1571429
GLOBAL,S2D3,PWRTRNGUYXX,ELCGUYXX02,2026,3.1571429
GLOBAL,S2D3,PWRTRNGUYXX,ELCGUYXX02,2027,3.1571429
GLOBAL,S2D3,PWRTRNGUYXX,ELCGUYXX02,2028,3.1571429
GLOBAL,S2D3,PWRTRNGUYXX,ELCGUYXX02,2029,3.1571429
GLOBAL,S2D3,PWRTRNGUYXX,ELCGUYXX02,2030,3.1571429
GLOBAL,S2D3,PWRTRNGUYXX,ELCGUYXX02,2031,3.1571429
GLOBAL,S2D3,PWRTRNGUYXX,ELCGUYXX02,2032,3.1571429
GLOBAL,S2D3,PWRTRNGUYXX,ELCGUYXX02,2033,3.1571429
GLOBAL,S2D3,PWRTRNGUYXX,ELCGUYXX02,2034,3.1571429
GLOBAL,S2D3,PWRTRNGUYXX,ELCGUYXX02,2035,3.1571429
GLOBAL,S2D3,PWRTRNGUYXX,ELCGUYXX02,2036,3.1571429
GLOBAL,S2D3,PWRTRNGUYXX,ELCGUYXX02,2037,3.1571429
GLOBAL,S2D3,PWRTRNGUYXX,ELCGUYXX02,2038,3.1571429
GLOBAL,S2D3,PWRTRNGUYXX,ELCGUYXX02,2039,3.1571429
GLOBAL,S2D3,PWRTRNGUYXX,ELCGUYXX02,2040,3.1571429
GLOBAL,S2D3,PWRTRNGUYXX,ELCGUYXX02,2041,3.1777778
GLOBAL,S2D3,PWRTRNGUYXX,ELCGUYXX02,2042,3.1984127
GLOBAL,S2D3,PWRTRNGUYXX,ELCGUYXX02,2043,3.2293651
GLOBAL,S2D3,PWRTRNGUYXX,ELCGUYXX02,2044,3.25
GLOBAL,S2D3,PWRTRNGUYXX,ELCGUYXX02,2045,3.2706349
GLOBAL,S2D3,PWRTRNGUYXX,ELCGUYXX02,2046,3.3944444
GLOBAL,S2D3,PWRTRNGUYXX,ELCGUYXX02,2047,3.5079365
GLOBAL,S2D3,PWRTRNGUYXX,ELCGUYXX02,2048,3.6214286
GLOBAL,S2D3,PWRTRNGUYXX,ELCGUYXX02,2049,3.7452381
GLOBAL,S2D3,PWRTRNGUYXX,ELCGUYXX02,2050,3.8587302
GLOBAL,S2D3,PWRWONGUYXX01,ELCGUYXX01,2021,0.060839251
GLOBAL,S2D3,PWRWONGUYXX01,ELCGUYXX01,2022,0.060839251
GLOBAL,S2D3,PWRWONGUYXX01,ELCGUYXX01,2023,0.060839251
GLOBAL,S2D3,PWRWONGUYXX01,ELCGUYXX01,2024,0.060839251
GLOBAL,S2D3,PWRWONGUYXX01,ELCGUYXX01,2025,0.060839251
GLOBAL,S2D3,PWRWONGUYXX01,ELCGUYXX01,2026,0.060839251
GLOBAL,S2D3,PWRWONGUYXX01,ELCGUYXX01,2027,0.060839251
GLOBAL,S2D3,PWRWONGUYXX01,ELCGUYXX01,2028,0.060839251
GLOBAL,S2D3,PWRWONGUYXX01,ELCGUYXX01,2029,0.060839251
GLOBAL,S2D3,PWRWONGUYXX01,ELCGUYXX01,2030,0.014323721
GLOBAL,S2D3,PWRWONGUYXX01,ELCGUYXX01,2031,0.014323721
GLOBAL,S2D3,PWRWONGUYXX01,ELCGUYXX01,2032,0.014323721
GLOBAL,S2D3,PWRWONGUYXX01,ELCGUYXX01,2033,0.014323721
GLOBAL,S2D3,PWRWONGUYXX01,ELCGUYXX01,2034,0.014323721
GLOBAL,S2D3,PWRWONGUYXX01,ELCGUYXX01,2035,0.014323721
GLOBAL,S2D3,PWRWONGUYXX01,ELCGUYXX01,2036,0.014323721
GLOBAL,S2D3,PWRWONGUYXX01,ELCGUYXX01,2037,0.014323721
GLOBAL,S2D3,PWRWONGUYXX01,ELCGUYXX01,2038,0.014323721
GLOBAL,S2D3,PWRWONGUYXX01,ELCGUYXX01,2039,0.060839251
GLOBAL,S2D3,RNWSPVGUYXX,SPVGUYXX,2021,3.0963036
GLOBAL,S2D3,RNWSPVGUYXX,SPVGUYXX,2022,3.0963036
GLOBAL,S2D3,RNWSPVGUYXX,SPVGUYXX,2023,3.0963036
GLOBAL,S2D3,RNWSPVGUYXX,SPVGUYXX,2024,3.0963036
GLOBAL,S2D3,RNWSPVGUYXX,SPVGUYXX,2025,3.0963036
GLOBAL,S2D3,RNWSPVGUYXX,SPVGUYXX,2026,3.0963036
GLOBAL,S2D3,RNWSPVGUYXX,SPVGUYXX,2027,3.0963036
GLOBAL,S2D3,RNWSPVGUYXX,SPVGUYXX,2028,3.0963036
GLOBAL,S2D3,RNWSPVGUYXX,SPVGUYXX,2029,3.0963036
GLOBAL,S2D3,RNWSPVGUYXX,SPVGUYXX,2030,3.1428191
GLOBAL,S2D3,RNWSPVGUYXX,SPVGUYXX,2031,3.1428191
GLOBAL,S2D3,RNWSPVGUYXX,SPVGUYXX,2032,3.1428191
GLOBAL,S2D3,RNWSPVGUYXX,SPVGUYXX,2033,3.1428191
GLOBAL,S2D3,RNWSPVGUYXX,SPVGUYXX,2034,3.1428191
GLOBAL,S2D3,RNWSPVGUYXX,SPVGUYXX,2035,3.1428191
GLOBAL,S2D3,RNWSPVGUYXX,SPVGUYXX,2036,3.1428191
GLOBAL,S2D3,RNWSPVGUYXX,SPVGUYXX,2037,3.1428191
GLOBAL,S2D3,RNWSPVGUYXX,SPVGUYXX,2038,3.1428191
GLOBAL,S2D3,RNWSPVGUYXX,SPVGUYXX,2039,3.0963036
GLOBAL,S2D3,RNWSPVGUYXX,SPVGUYXX,2040,3.1571429
GLOBAL,S2D3,RNWSPVGUYXX,SPVGUYXX,2041,3.1777778
GLOBAL,S2D3,RNWSPVGUYXX,SPVGUYXX,2042,3.1984127
GLOBAL,S2D3,RNWSPVGUYXX,SPVGUYXX,2043,3.1674603
GLOBAL,S2D3,RNWSPVGUYXX,SPVGUYXX,2044,3.25
GLOBAL,S2D3,RNWSPVGUYXX,SPVGUYXX,2045,3.1261905
GLOBAL,S2D3,RNWSPVGUYXX,SPVGUYXX,2046,3.002381
GLOBAL,S2D3,RNWSPVGUYXX,SPVGUYXX,2047,2.8888889
GLOBAL,S2D3,RNWSPVGUYXX,SPVGUYXX,2048,3.6214286
GLOBAL,S2D3,RNWSPVGUYXX,SPVGUYXX,2049,3.7425432
GLOBAL,S2D3,RNWSPVGUYXX,SPVGUYXX,2050,2.7522097
GLOBAL,S2D3,RNWWONGUYXX,WONGUYXX,2021,0.060839251
GLOBAL,S2D3,RNWWONGUYXX,WONGUYXX,2022,0.060839251
GLOBAL,S2D3,RNWWONGUYXX,WONGUYXX,2023,0.060839251
GLOBAL,S2D3,RNWWONGUYXX,WONGUYXX,2024,0.060839251
GLOBAL,S2D3,RNWWONGUYXX,WONGUYXX,2025,0.060839251
GLOBAL,S2D3,RNWWONGUYXX,WONGUYXX,2026,0.060839251
GLOBAL,S2D3,RNWWONGUYXX,WONGUYXX,2027,0.060839251
GLOBAL,S2D3,RNWWONGUYXX,WONGUYXX,2028,0.060839251
GLOBAL,S2D3,RNWWONGUYXX,WONGUYXX,2029,0.060839251
GLOBAL,S2D3,RNWWONGUYXX,WONGUYXX,2030,0.014323721
GLOBAL,S2D3,RNWWONGUYXX,WONGUYXX,2031,0.014323721
GLOBAL,S2D3,RNWWONGUYXX,WONGUYXX,2032,0.014323721
GLOBAL,S2D3,RNWWONGUYXX,WONGUYXX,2033,0.014323721
GLOBAL,S2D3,RNWWONGUYXX,WONGUYXX,2034,0.014323721
GLOBAL,S2D3,RNWWONGUYXX,WONGUYXX,2035,0.014323721
GLOBAL,S2D3,RNWWONGUYXX,WONGUYXX,2036,0.014323721
GLOBAL,S2D3,RNWWONGUYXX,WONGUYXX,2037,0.014323721
GLOBAL,S2D3,RNWWONGUYXX,WONGUYXX,2038,0.014323721
GLOBAL,S2D3,RNWWONGUYXX,WONGUYXX,2039,0.060839251
GLOBAL,S2D4,MINGASINT,GASINT,2021,2.0904014
GLOBAL,S2D4,MINGASINT,GASINT,2022,2.0904014
GLOBAL,S2D4,MINGASINT,GASINT,2023,2.0904014
GLOBAL,S2D4,MINGASINT,GASINT,2024,2.0904014
GLOBAL,S2D4,MINGASINT,GASINT,2025,2.0904014
GLOBAL,S2D4,MINGASINT,GASINT,2026,2.0904014
GLOBAL,S2D4,MINGASINT,GASINT,2027,2.0904014
GLOBAL,S2D4,MINGASINT,GASINT,2028,2.0904014
GLOBAL,S2D4,MINGASINT,GASINT,2029,2.0904014
GLOBAL,S2D4,MINGASINT,GASINT,2030,2.0904014
GLOBAL,S2D4,MINGASINT,GASINT,2031,2.0904014
GLOBAL,S2D4,MINGASINT,GASINT,2032,2.0904014
GLOBAL,S2D4,MINGASINT,GASINT,2033,2.0904014
GLOBAL,S2D4,MINGASINT,GASINT,2034,2.0904014
GLOBAL,S2D4,MINGASINT,GASINT,2035,2.0904014
GLOBAL,S2D4,MINGASINT,GASINT,2036,2.0904014
GLOBAL,S2D4,MINGASINT,GASINT,2037,2.0904014
GLOBAL,S2D4,MINGASINT,GASINT,2038,2.0904014
GLOBAL,S2D4,MINGASINT,GASINT,2039,3.0364814
GLOBAL,S2D4,MINGASINT,GASINT,2040,3.0711532
GLOBAL,S2D4,MINGASINT,GASINT,2041,3.0912261
GLOBAL,S2D4,MINGASINT,GASINT,2042,3.111299
GLOBAL,S2D4,MINGASINT,GASINT,2043,3.1470132
GLOBAL,S2D4,MINGASINT,GASINT,2044,3.1708228
GLOBAL,S2D4,MINGASINT,GASINT,2045,3.1946323
GLOBAL,S2D4,MINGASINT,GASINT,2046,3.354413
GLOBAL,S2D4,MINGASINT,GASINT,2047,3.5975916
GLOBAL,S2D4,MINGASINT,GASINT,2048,3.8407702
GLOBAL,S2D4,MINGASINT,GASINT,2049,4.1060559
GLOBAL,S2D4,MINGASINT,GASINT,2050,4.3492345
GLOBAL,S2D4,PWRBIOGUYXX01,ELCGUYXX01,2021,0.94608
GLOBAL,S2D4,PWRBIOGUYXX01,ELCGUYXX01,2022,0.94608
GLOBAL,S2D4,PWRBIOGUYXX01,ELCGUYXX01,2023,0.94608
GLOBAL,S2D4,PWRBIOGUYXX01,ELCGUYXX01,2024,0.94608
GLOBAL,S2D4,PWRBIOGUYXX01,ELCGUYXX01,2025,0.94608
GLOBAL,S2D4,PWRBIOGUYXX01,ELCGUYXX01,2026,0.94608
GLOBAL,S2D4,PWRBIOGUYXX01,ELCGUYXX01,2027,0.94608
GLOBAL,S2D4,PWRBIOGUYXX01,ELCGUYXX01,2028,0.94608
GLOBAL,S2D4,PWRBIOGUYXX01,ELCGUYXX01,2029,0.94608
GLOBAL,S2D4,PWRBIOGUYXX01,ELCGUYXX01,2030,0.94608
GLOBAL,S2D4,PWRBIOGUYXX01,ELCGUYXX01,2031,0.94608
GLOBAL,S2D4,PWRBIOGUYXX01,ELCGUYXX01,2032,0.94608
GLOBAL,S2D4,PWRBIOGUYXX01,ELCGUYXX01,2033,0.94608
GLOBAL,S2D4,PWRBIOGUYXX01,ELCGUYXX01,2034,0.94608
GLOBAL,S2D4,PWRBIOGUYXX01,ELCGUYXX01,2035,0.94608
GLOBAL,S2D4,PWRBIOGUYXX01,ELCGUYXX01,2036,0.94608
GLOBAL,S2D4,PWRBIOGUYXX01,ELCGUYXX01,2037,0.94608
GLOBAL,S2D4,PWRBIOGUYXX01,ELCGUYXX01,2038,0.94608
GLOBAL,S2D4,PWRCCGGUYXX01,ELCGUYXX01,2021,2.0904014
GLOBAL,S2D4,PWRCCGGUYXX01,ELCGUYXX01,2022,2.0904014
GLOBAL,S2D4,PWRCCGGUYXX01,ELCGUYXX01,2023,2.0904014
GLOBAL,S2D4,PWRCCGGUYXX01,ELCGUYXX01,2024,2.0904014
GLOBAL,S2D4,PWRCCGGUYXX01,ELCGUYXX01,2025,2.0904014
GLOBAL,S2D4,PWRCCGGUYXX01,ELCGUYXX01,2026,2.0904014
GLOBAL,S2D4,PWRCCGGUYXX01,ELCGUYXX01,2027,2.0904014
GLOBAL,S2D4,PWRCCGGUYXX01,ELCGUYXX01,2028,2.0904014
GLOBAL,S2D4,PWRCCGGUYXX01,ELCGUYXX01,2029,2.0904014
GLOBAL,S2D4,PWRCCGGUYXX01,ELCGUYXX01,2030,2.0904014
GLOBAL,S2D4,PWRCCGGUYXX01,ELCGUYXX01,2031,2.0904014
GLOBAL,S2D4,PWRCCGGUYXX01,ELCGUYXX01,2032,2.0904014
GLOBAL,S2D4,PWRCCGGUYXX01,ELCGUYXX01,2033,2.0904014
GLOBAL,S2D4,PWRCCGGUYXX01,ELCGUYXX01,2034,2.0904014
GLOBAL,S2D4,PWRCCGGUYXX01,ELCGUYXX01,2035,2.0904014
GLOBAL,S2D4,PWRCCGGUYXX01,ELCGUYXX01,2036,2.0904014
GLOBAL,S2D4,PWRCCGGUYXX01,ELCGUYXX01,2037,2.0904014
GLOBAL,S2D4,PWRCCGGUYXX01,ELCGUYXX01,2038,2.0904014
GLOBAL,S2D4,PWRCCGGUYXX01,ELCGUYXX01,2039,3.0364814
GLOBAL,S2D4,PWRCCGGUYXX01,ELCGUYXX01,2040,3.0711532
GLOBAL,S2D4,PWRCCGGUYXX01,ELCGUYXX01,2041,3.0912261
GLOBAL,S2D4,PWRCCGGUYXX01,ELCGUYXX01,2042,3.111299
GLOBAL,S2D4,PWRCCGGUYXX01,ELCGUYXX01,2043,3.1470132
GLOBAL,S2D4,PWRCCGGUYXX01,ELCGUYXX01,2044,3.1708228
GLOBAL,S2D4,PWRCCGGUYXX01,ELCGUYXX01,2045,3.1946323
GLOBAL,S2D4,PWRCCGGUYXX01,ELCGUYXX01,2046,3.3177419
GLOBAL,S2D4,PWRCCGGUYXX01,ELCGUYXX01,2047,3.3177419
GLOBAL,S2D4,PWRCCGGUYXX01,ELCGUYXX01,2048,3.3177419
GLOBAL,S2D4,PWRCCGGUYXX01,ELCGUYXX01,2049,3.3177419
GLOBAL,S2D4,PWRCCGGUYXX01,ELCGUYXX01,2050,3.3177419
GLOBAL,S2D4,PWRCCGGUYXX01,GASINT,2021,2.0904014
GLOBAL,S2D4,PWRCCGGUYXX01,GASINT,2022,2.0904014
GLOBAL,S2D4,PWRCCGGUYXX01,GASINT,2023,2.0904014
GLOBAL,S2D4,PWRCCGGUYXX01,GASINT,2024,2.0904014
GLOBAL,S2D4,PWRCCGGUYXX01,GASINT,2025,2.0904014
GLOBAL,S2D4,PWRCCGGUYXX01,GASINT,2026,2.0904014
GLOBAL,S2D4,PWRCCGGUYXX01,GASINT,2027,2.0904014
GLOBAL,S2D4,PWRCCGGUYXX01,GASINT,2028,2.0904014
GLOBAL,S2D4,PWRCCGGUYXX01,GASINT,2029,2.0904014
GLOBAL,S2D4,PWRCCGGUYXX01,GASINT,2030,2.0904014
GLOBAL,S2D4,PWRCCGGUYXX01,GASINT,2031,2.0904014
GLOBAL,S2D4,PWRCCGGUYXX01,GASINT,2032,2.0904014
GLOBAL,S2D4,PWRCCGGUYXX01,GASINT,2033,2.0904014
GLOBAL,S2D4,PWRCCGGUYXX01,GASINT,2034,2.0904014
GLOBAL,S2D4,PWRCCGGUYXX01,GASINT,2035,2.0904014
GLOBAL,S2D4,PWRCCGGUYXX01,GASINT,2036,2.0904014
GLOBAL,S2D4,PWRCCGGUYXX01,GASINT,2037,2.0904014
GLOBAL,S2D4,PWRCCGGUYXX01,GASINT,2038,2.0904014
GLOBAL,S2D4,PWRCCGGUYXX01,GASINT,2039,3.0364814
GLOBAL,S2D4,PWRCCGGUYXX01,GASINT,2040,3.0711532
GLOBAL,S2D4,PWRCCGGUYXX01,GASINT,2041,3.0912261
GLOBAL,S2D4,PWRCCGGUYXX01,GASINT,2042,3.111299
GLOBAL,S2D4,PWRCCGGUYXX01,GASINT,2043,3.1470132
GLOBAL,S2D4,PWRCCGGUYXX01,GASINT,2044,3.1708228
GLOBAL,S2D4,PWRCCGGUYXX01,GASINT,2045,3.1946323
GLOBAL,S2D4,PWRCCGGUYXX01,GASINT,2046,3.3177419
GLOBAL,S2D4,PWRCCGGUYXX01,GASINT,2047,3.3177419
GLOBAL,S2D4,PWRCCGGUYXX01,GASINT,2048,3.3177419
GLOBAL,S2D4,PWRCCGGUYXX01,GASINT,2049,3.3177419
GLOBAL,S2D4,PWRCCGGUYXX01,GASINT,2050,3.3177419
GLOBAL,S2D4,PWROCGGUYXX01,ELCGUYXX01,2046,0.019747498
GLOBAL,S2D4,PWROCGGUYXX01,ELCGUYXX01,2047,0.15069988
GLOBAL,S2D4,PWROCGGUYXX01,ELCGUYXX01,2048,0.28165226
GLOBAL,S2D4,PWROCGGUYXX01,ELCGUYXX01,2049,0.4245094
GLOBAL,S2D4,PWROCGGUYXX01,ELCGUYXX01,2050,0.55546178
GLOBAL,S2D4,PWROCGGUYXX01,GASINT,2046,0.019747498
GLOBAL,S2D4,PWROCGGUYXX01,GASINT,2047,0.15069988
GLOBAL,S2D4,PWROCGGUYXX01,GASINT,2048,0.28165226
GLOBAL,S2D4,PWROCGGUYXX01,GASINT,2049,0.4245094
GLOBAL,S2D4,PWROCGGUYXX01,GASINT,2050,0.55546178
GLOBAL,S2D4,PWRSPVGUYXX01,ELCGUYXX01,2021,0.56098913
GLOBAL,S2D4,PWRSPVGUYXX01,ELCGUYXX01,2022,0.56098913
GLOBAL,S2D4,PWRSPVGUYXX01,ELCGUYXX01,2023,0.56098913
GLOBAL,S2D4,PWRSPVGUYXX01,ELCGUYXX01,2024,0.56098913
GLOBAL,S2D4,PWRSPVGUYXX01,ELCGUYXX01,2025,0.56098913
GLOBAL,S2D4,PWRSPVGUYXX01,ELCGUYXX01,2026,0.56098913
GLOBAL,S2D4,PWRSPVGUYXX01,ELCGUYXX01,2027,0.56098913
GLOBAL,S2D4,PWRSPVGUYXX01,ELCGUYXX01,2028,0.56098913
GLOBAL,S2D4,PWRSPVGUYXX01,ELCGUYXX01,2029,0.56098913
GLOBAL,S2D4,PWRSPVGUYXX01,ELCGUYXX01,2030,0.56098913
GLOBAL,S2D4,PWRSPVGUYXX01,ELCGUYXX01,2031,0.56098913
GLOBAL,S2D4,PWRSPVGUYXX01,ELCGUYXX01,2032,0.56098913
GLOBAL,S2D4,PWRSPVGUYXX01,ELCGUYXX01,2033,0.56098913
GLOBAL,S2D4,PWRSPVGUYXX01,ELCGUYXX01,2034,0.56098913
GLOBAL,S2D4,PWRSPVGUYXX01,ELCGUYXX01,2035,0.56098913
GLOBAL,S2D4,PWRSPVGUYXX01,ELCGUYXX01,2036,0.56098913
GLOBAL,S2D4,PWRSPVGUYXX01,ELCGUYXX01,2037,0.56098913
GLOBAL,S2D4,PWRSPVGUYXX01,ELCGUYXX01,2038,0.56098913
GLOBAL,S2D4,PWRSPVGUYXX01,ELCGUYXX01,2039,0.56098913
GLOBAL,S2D4,PWRSPVGUYXX01,ELCGUYXX01,2040,0.57170398
GLOBAL,S2D4,PWRSPVGUYXX01,ELCGUYXX01,2041,0.57544061
GLOBAL,S2D4,PWRSPVGUYXX01,ELCGUYXX01,2042,0.57917723
GLOBAL,S2D4,PWRSPVGUYXX01,ELCGUYXX01,2043,0.57917723
GLOBAL,S2D4,PWRSPVGUYXX01,ELCGUYXX01,2044,0.57917723
GLOBAL,S2D4,PWRSPVGUYXX01,ELCGUYXX01,2045,0.57917723
GLOBAL,S2D4,PWRSPVGUYXX01,ELCGUYXX01,2046,0.57917723
GLOBAL,S2D4,PWRSPVGUYXX01,ELCGUYXX01,2047,0.57917723
GLOBAL,S2D4,PWRSPVGUYXX01,ELCGUYXX01,2048,0.57917723
GLOBAL,S2D4,PWRSPVGUYXX01,ELCGUYXX01,2049,0.57917723
GLOBAL,S2D4,PWRSPVGUYXX01,ELCGUYXX01,2050,0.57917723
GLOBAL,S2D4,PWRTRNGUYXX,ELCGUYXX02,2021,3.6428571
GLOBAL,S2D4,PWRTRNGUYXX,ELCGUYXX02,2022,3.6428571
GLOBAL,S2D4,PWRTRNGUYXX,ELCGUYXX02,2023,3.6428571
GLOBAL,S2D4,PWRTRNGUYXX,ELCGUYXX02,2024,3.6428571
GLOBAL,S2D4,PWRTRNGUYXX,ELCGUYXX02,2025,3.6428571
GLOBAL,S2D4,PWRTRNGUYXX,ELCGUYXX02,2026,3.6428571
GLOBAL,S2D4,PWRTRNGUYXX,ELCGUYXX02,2027,3.6428571
GLOBAL,S2D4,PWRTRNGUYXX,ELCGUYXX02,2028,3.6428571
GLOBAL,S2D4,PWRTRNGUYXX,ELCGUYXX02,2029,3.6428571
GLOBAL,S2D4,PWRTRNGUYXX,ELCGUYXX02,2030,3.6428571
GLOBAL,S2D4,PWRTRNGUYXX,ELCGUYXX02,2031,3.6428571
GLOBAL,S2D4,PWRTRNGUYXX,ELCGUYXX02,2032,3.6428571
GLOBAL,S2D4,PWRTRNGUYXX,ELCGUYXX02,2033,3.6428571
GLOBAL,S2D4,PWRTRNGUYXX,ELCGUYXX02,2034,3.6428571
GLOBAL,S2D4,PWRTRNGUYXX,ELCGUYXX02,2035,3.6428571
GLOBAL,S2D4,PWRTRNGUYXX,ELCGUYXX02,2036,3.6428571
GLOBAL,S2D4,PWRTRNGUYXX,ELCGUYXX02,2037,3.6428571
GLOBAL,S2D4,PWRTRNGUYXX,ELCGUYXX02,2038,3.6428571
GLOBAL,S2D4,PWRTRNGUYXX,ELCGUYXX02,2039,3.6428571
GLOBAL,S2D4,PWRTRNGUYXX,ELCGUYXX02,2040,3.6428571
GLOBAL,S2D4,PWRTRNGUYXX,ELCGUYXX02,2041,3.6666667
GLOBAL,S2D4,PWRTRNGUYXX,ELCGUYXX02,2042,3.6904762
GLOBAL,S2D4,PWRTRNGUYXX,ELCGUYXX02,2043,3.7261905
GLOBAL,S2D4,PWRTRNGUYXX,ELCGUYXX02,2044,3.75
GLOBAL,S2D4,PWRTRNGUYXX,ELCGUYXX02,2045,3.7738095
GLOBAL,S2D4,PWRTRNGUYXX,ELCGUYXX02,2046,3.9166667
GLOBAL,S2D4,PWRTRNGUYXX,ELCGUYXX02,2047,4.047619
GLOBAL,S2D4,PWRTRNGUYXX,ELCGUYXX02,2048,4.1785714
GLOBAL,S2D4,PWRTRNGUYXX,ELCGUYXX02,2049,4.3214286
GLOBAL,S2D4,PWRTRNGUYXX,ELCGUYXX02,2050,4.452381
GLOBAL,S2D4,PWRWONGUYXX01,ELCGUYXX01,2021,0.045386611
GLOBAL,S2D4,PWRWONGUYXX01,ELCGUYXX01,2022,0.045386611
GLOBAL,S2D4,PWRWONGUYXX01,ELCGUYXX01,2023,0.045386611
GLOBAL,S2D4,PWRWONGUYXX01,ELCGUYXX01,2024,0.045386611
GLOBAL,S2D4,PWRWONGUYXX01,ELCGUYXX01,2025,0.045386611
GLOBAL,S2D4,PWRWONGUYXX01,ELCGUYXX01,2026,0.045386611
GLOBAL,S2D4,PWRWONGUYXX01,ELCGUYXX01,2027,0.045386611
GLOBAL,S2D4,PWRWONGUYXX01,ELCGUYXX01,2028,0.045386611
GLOBAL,S2D4,PWRWONGUYXX01,ELCGUYXX01,2029,0.045386611
GLOBAL,S2D4,PWRWONGUYXX01,ELCGUYXX01,2030,0.045386611
GLOBAL,S2D4,PWRWONGUYXX01,ELCGUYXX01,2031,0.045386611
GLOBAL,S2D4,PWRWONGUYXX01,ELCGUYXX01,2032,0.045386611
GLOBAL,S2D4,PWRWONGUYXX01,ELCGUYXX01,2033,0.045386611
GLOBAL,S2D4,PWRWONGUYXX01,ELCGUYXX01,2034,0.045386611
GLOBAL,S2D4,PWRWONGUYXX01,ELCGUYXX01,2035,0.045386611
GLOBAL,S2D4,PWRWONGUYXX01,ELCGUYXX01,2036,0.045386611
GLOBAL,S2D4,PWRWONGUYXX01,ELCGUYXX01,2037,0.045386611
GLOBAL,S2D4,PWRWONGUYXX01,ELCGUYXX01,2038,0.045386611
GLOBAL,S2D4,PWRWONGUYXX01,ELCGUYXX01,2039,0.045386611
GLOBAL,S2D4,RNWBIOGUYXX,BIOGUYXX,2021,3.4910352
GLOBAL,S2D4,RNWBIOGUYXX,BIOGUYXX,2022,3.4910352
GLOBAL,S2D4,RNWBIOGUYXX,BIOGUYXX,2023,3.4910352
GLOBAL,S2D4,RNWBIOGUYXX,BIOGUYXX,2024,3.4910352
GLOBAL,S2D4,RNWBIOGUYXX,BIOGUYXX,2025,3.4910352
GLOBAL,S2D4,RNWBIOGUYXX,BIOGUYXX,2026,3.4910352
GLOBAL,S2D4,RNWBIOGUYXX,BIOGUYXX,2027,3.4910352
GLOBAL,S2D4,RNWBIOGUYXX,BIOGUYXX,2028,3.4910352
GLOBAL,S2D4,RNWBIOGUYXX,BIOGUYXX,2029,3.4910352
GLOBAL,S2D4,RNWBIOGUYXX,BIOGUYXX,2030,3.4910352
GLOBAL,S2D4,RNWBIOGUYXX,BIOGUYXX,2031,3.4910352
GLOBAL,S2D4,RNWBIOGUYXX,BIOGUYXX,2032,3.4910352
GLOBAL,S2D4,RNWBIOGUYXX,BIOGUYXX,2033,3.4910352
GLOBAL,S2D4,RNWBIOGUYXX,BIOGUYXX,2034,3.4910352
GLOBAL,S2D4,RNWBIOGUYXX,BIOGUYXX,2035,3.4910352
GLOBAL,S2D4,RNWBIOGUYXX,BIOGUYXX,2036,3.4910352
GLOBAL,S2D4,RNWBIOGUYXX,BIOGUYXX,2037,3.4910352
GLOBAL,S2D4,RNWBIOGUYXX,BIOGUYXX,2038,3.4910352
GLOBAL,S2D4,RNWSPVGUYXX,SPVGUYXX,2021,0.56098913
GLOBAL,S2D4,RNWSPVGUYXX,SPVGUYXX,2022,0.56098913
GLOBAL,S2D4,RNWSPVGUYXX,SPVGUYXX,2023,0.56098913
GLOBAL,S2D4,RNWSPVGUYXX,SPVGUYXX,2024,0.56098913
GLOBAL,S2D4,RNWSPVGUYXX,SPVGUYXX,2025,0.56098913
GLOBAL,S2D4,RNWSPVGUYXX,SPVGUYXX,2026,0.56098913
GLOBAL,S2D4,RNWSPVGUYXX,SPVGUYXX,2027,0.56098913
GLOBAL,S2D4,RNWSPVGUYXX,SPVGUYXX,2028,0.56098913
GLOBAL,S2D4,RNWSPVGUYXX,SPVGUYXX,2029,0.56098913
GLOBAL,S2D4,RNWSPVGUYXX,SPVGUYXX,2030,0.56098913
GLOBAL,S2D4,RNWSPVGUYXX,SPVGUYXX,2031,0.56098913
GLOBAL,S2D4,RNWSPVGUYXX,SPVGUYXX,2032,0.56098913
GLOBAL,S2D4,RNWSPVGUYXX,SPVGUYXX,2033,0.56098913
GLOBAL,S2D4,RNWSPVGUYXX,SPVGUYXX,2034,0.56098913
GLOBAL,S2D4,RNWSPVGUYXX,SPVGUYXX,2035,0.56098913
GLOBAL,S2D4,RNWSPVGUYXX,SPVGUYXX,2036,0.56098913
GLOBAL,S2D4,RNWSPVGUYXX,SPVGUYXX,2037,0.56098913
GLOBAL,S2D4,RNWSPVGUYXX,SPVGUYXX,2038,0.56098913
GLOBAL,S2D4,RNWSPVGUYXX,SPVGUYXX,2039,0.56098913
GLOBAL,S2D4,RNWSPVGUYXX,SPVGUYXX,2040,0.57170398
GLOBAL,S2D4,RNWSPVGUYXX,SPVGUYXX,2041,0.57544061
GLOBAL,S2D4,RNWSPVGUYXX,SPVGUYXX,2042,0.57917723
GLOBAL,S2D4,RNWSPVGUYXX,SPVGUYXX,2043,0.57917723
GLOBAL,S2D4,RNWSPVGUYXX,SPVGUYXX,2044,0.57917723
GLOBAL,S2D4,RNWSPVGUYXX,SPVGUYXX,2045,0.57917723
GLOBAL,S2D4,RNWSPVGUYXX,SPVGUYXX,2046,0.57917723
GLOBAL,S2D4,RNWSPVGUYXX,SPVGUYXX,2047,0.57917723
GLOBAL,S2D4,RNWSPVGUYXX,SPVGUYXX,2048,0.57917723
GLOBAL,S2D4,RNWSPVGUYXX,SPVGUYXX,2049,0.57917723
GLOBAL,S2D4,RNWSPVGUYXX,SPVGUYXX,2050,0.57917723
GLOBAL,S2D4,RNWWONGUYXX,WONGUYXX,2021,0.045386611
GLOBAL,S2D4,RNWWONGUYXX,WONGUYXX,2022,0.045386611
GLOBAL,S2D4,RNWWONGUYXX,WONGUYXX,2023,0.045386611
GLOBAL,S2D4,RNWWONGUYXX,WONGUYXX,2024,0.045386611
GLOBAL,S2D4,RNWWONGUYXX,WONGUYXX,2025,0.045386611
GLOBAL,S2D4,RNWWONGUYXX,WONGUYXX,2026,0.045386611
GLOBAL,S2D4,RNWWONGUYXX,WONGUYXX,2027,0.045386611
GLOBAL,S2D4,RNWWONGUYXX,WONGUYXX,2028,0.045386611
GLOBAL,S2D4,RNWWONGUYXX,WONGUYXX,2029,0.045386611
GLOBAL,S2D4,RNWWONGUYXX,WONGUYXX,2030,0.045386611
GLOBAL,S2D4,RNWWONGUYXX,WONGUYXX,2031,0.045386611
GLOBAL,S2D4,RNWWONGUYXX,WONGUYXX,2032,0.045386611
GLOBAL,S2D4,RNWWONGUYXX,WONGUYXX,2033,0.045386611
GLOBAL,S2D4,RNWWONGUYXX,WONGUYXX,2034,0.045386611
GLOBAL,S2D4,RNWWONGUYXX,WONGUYXX,2035,0.045386611
GLOBAL,S2D4,RNWWONGUYXX,WONGUYXX,2036,0.045386611
GLOBAL,S2D4,RNWWONGUYXX,WONGUYXX,2037,0.045386611
GLOBAL,S2D4,RNWWONGUYXX,WONGUYXX,2038,0.045386611
GLOBAL,S2D4,RNWWONGUYXX,WONGUYXX,2039,0.045386611
